product_category,product_subcategory,product_code
Beverages,Fruit Juice Mango,1062
Spices,Garlic Powder,1109
Fruit,Strawberry,1198
Beverages,Regular Coffee,1207
Vegetable,Corn,1216
Beverages,Decaf Coffee,1230
Beverages,Half and Half,1247
Beverages,Fruit Juice Orange,1248
Fruit,Mango,1311
Canned Good,Tomato Soup,1438
Pork,Ground Pork,1445
Vegetable,Sweet Potato,1525
Fruit,Banana,1543
Spices,Sea Salt,1558
Vegetable,Green Bean,1571
Seafood,Frozen Salmon,1727
Poultry,Whole Chicken,1754
Fruit,Green Apple,1770
Beverages,Flat Water,1778
Fruit,Kiwi,1803
Pork,Pork Chop,1847
Canned Good,Green Beans,1878
Beverages,Soda Lime,1885
Beverages,Milk Whole,1902
Spices,Cracked Black Pepper,1962
Poultry,Chicken Thigh,1971
Beverages,Soda Lemon,1993
Vegetable,Tomato,2104
Vegetable,Onion,2126
Beverages,Italian Soda,2139
Spices,Paprika,2290
Fruit,Orange,2304
Vegetable,Red Chilis,2306
Beverages,Espresso,2322
Beef,Flank Steak,2444
Seafood,Fresh Salmon,2490
Fruit,Red Apple,2492
Canned Good,Chicken Soup,2494
Beverages,Soda Cola,2539
Seafood,Small Prawn,2569
Canned Good,Whole Kernel Corn,2577
Spices,Peppercorns,2581
Beverages,Fruit Juice Grape,2631
Canned Good,Yams,2640
Seafood,Large Prawn,2664
Vegetable,Napa Cabbage,2704
Beverages,Sparkling Water,2707
Vegetable,Peas,2760
Poultry,Ground Chicken,2826
Beef,Ground Beef,2867
Vegetable,Potato,2956
