State,Account Length,Area Code,Phone,Int'l Plan,VMail Plan,VMail Message,Day Mins,Day Calls,Day Charge,Eve Mins,Eve Calls,Eve Charge,Night Mins,Night Calls,Night Charge,Intl Mins,Intl Calls,Intl Charge,CustServ Calls,Churn?
PA,163,806,403-2562,no,yes,300,8.1622040217391,3,7.579173703343681,3.9330349941938625,4,6.508638877091394,4.065759457683862,100,5.1116239145545554,4.9281602056057885,6,5.673203040696216,3,True.
SC,15,836,158-8416,yes,no,0,10.018992664834252,4,4.226288822198435,2.3250045529370977,0,9.97259241534841,7.141039871521733,200,6.436187619334115,3.2217476231887012,6,2.559749162329034,8,False.
MO,131,777,896-6253,no,yes,300,4.708489916519045,3,4.768159882372771,4.53746627560553,3,4.566714501754875,5.363234681368032,100,5.142450865432122,7.139023052596313,2,6.254156588270942,4,False.
WY,75,878,817-5729,yes,yes,700,1.2687337723540173,3,2.567641585633793,2.528747882267883,5,2.3336236298897663,3.773585578112562,450,3.8144134221879837,2.245779327608127,6,1.0806920414898902,6,False.
WY,146,878,450-4942,yes,no,0,2.696177237539812,3,5.908915868906159,6.015337072056723,3,3.6704077483598114,3.7516733722962083,250,2.7968119977118326,6.905545285710016,4,7.134342911307563,6,True.
VA,83,866,454-9110,no,no,0,3.6347759671675437,7,4.804891886787017,6.05194433617822,5,5.278436964531922,2.937879986797766,300,4.817958439785448,4.948816088347728,4,5.13532274057697,5,False.
IN,140,737,331-5751,yes,no,0,3.2294202559197576,4,3.1650820605916827,2.440152809792223,8,0.2645430898924843,2.3522738978288897,300,3.8691763484913535,5.393439248879196,4,1.784764820129817,4,False.
LA,54,766,871-3612,no,no,0,0.5679201829579954,6,1.950098388177361,4.507026828401553,0,4.473085755958401,0.6887851476456044,400,6.132136688828527,5.0127472409617235,5,0.41742093904546174,8,False.
MO,195,777,249-5723,yes,no,0,5.811115761837079,6,4.3310650166800375,8.104126146210893,2,4.475034292704634,4.208352014531881,250,5.974575349503846,4.750152912633531,7,3.320310789878026,7,True.
AL,104,657,767-7682,yes,no,0,2.714429979003967,7,5.1386692037471695,8.529943776515548,6,3.3211210082053513,2.342176971074203,300,4.32896574277208,3.4335541816306137,5,5.677057853136211,4,False.
CA,137,676,185-4876,no,yes,800,3.8590416096943643,3,3.8059029204929957,1.9581225192006926,2,5.865065967518976,5.601397036305559,350,3.436449462965112,4.95536629266736,9,1.0352312071751721,7,False.
RI,78,827,276-8625,yes,no,0,6.872939363798926,2,6.5341573444396674,3.696520173780587,2,5.826586241705807,3.497215843772744,150,6.71005192333686,6.194516763474683,4,3.0729145982225017,7,True.
GA,184,716,815-7162,no,no,0,1.4777585908775288,6,5.532156653278619,6.718964555206192,8,1.0611492722421776,2.0590227544009077,350,0.9596329841057516,6.617656599153812,7,6.191955343887494,3,False.
PA,150,806,610-2756,yes,no,0,8.735239799298267,3,5.607474258959999,6.9598932990316955,1,8.167985577053265,2.8393362613111695,150,5.14919227584111,5.342917777959637,6,8.14319563456564,4,True.
ND,114,786,968-6867,yes,yes,300,6.215980906905121,4,6.705125866787917,5.839379502770306,4,4.240211918717716,2.700893798451043,250,7.533492315865429,5.491468774700732,5,0.4706450916087448,8,True.
MS,114,778,756-1787,no,no,0,3.33326866677303,3,4.888256309224817,4.779260734136049,1,4.864775249744062,2.849921550401593,200,5.2064216516958215,4.59893792484026,3,4.771388460229753,8,True.
WY,48,878,889-7926,yes,yes,100,9.81381371194712,3,7.7594092909373025,8.670985701133528,3,6.4727321760828795,4.728587845392953,250,6.254585699182173,4.284906030801764,5,5.661948755658884,5,True.
NY,142,788,248-9207,yes,no,0,0.6316071077050864,4,0.8173635604465206,4.399597542539205,0,2.0244823189277863,3.1565048711756205,200,6.124743096828062,5.644293002568544,3,1.532017351647959,10,True.
NJ,111,787,843-5355,yes,yes,700,11.615618559063641,2,7.898472493483515,9.791103721307325,0,7.375764469574867,5.14423538882828,250,6.855467798061651,4.413320414031617,4,8.499379730829096,6,False.
NM,63,787,360-2799,yes,yes,300,7.3312548654509815,3,8.456739885605108,9.617906177027093,6,3.818931666109286,6.52877871456911,250,4.53991711402729,4.952046946714548,3,8.911840816008663,5,False.
ID,124,736,199-4929,yes,no,0,6.350164019046546,6,5.278668210534139,6.174900893663558,4,5.825235277171927,5.097930527525358,150,5.931793350051733,4.88224683079949,3,5.5761461812155595,6,True.
DE,111,686,620-9126,no,yes,500,2.018493489128555,6,5.820356743271288,8.191135340136842,6,2.4281868705566927,1.333267798531451,400,4.9672042867468775,5.25609595802008,5,4.673462287473547,5,False.
WY,182,878,671-4825,yes,yes,200,1.6752298201223188,6,3.9994412478976455,0.6423919474849402,8,4.680588723186319,3.54414789822971,100,5.530137404210645,5.882881558197799,1,3.3081406007570475,4,False.
IN,162,737,822-7473,yes,yes,500,1.637895652644632,4,1.253564332592462,2.8579135750322173,3,4.654391689300201,1.8583344775203074,150,4.655465974139033,3.9097703059713367,3,4.204922450007695,8,False.
IL,128,737,247-5360,no,no,0,3.2550260057392064,3,6.437929879718987,7.138773608862693,4,3.0317209989668266,2.8516251277536373,300,5.172175164622674,4.161727937260725,4,3.922241844044266,7,True.
CA,14,676,641-1882,no,no,0,5.435168039320978,1,5.036441163307671,7.246933156187814,0,6.213823231242487,2.978703791840494,300,5.50635545725558,4.740097542059825,3,6.964495185700439,7,True.
NM,56,787,822-3322,yes,yes,200,4.57984313342188,2,2.00117804831541,2.5253095721654524,5,0.024721852049768067,3.731893514372268,150,1.667656350260477,3.882070668104144,2,6.690489282835377,3,False.
WA,17,876,870-2858,yes,no,0,3.6487508469195156,6,5.789514629219738,6.37469181052127,8,4.005674596327561,4.315006821005619,200,3.851060790874566,5.904362433440806,3,7.297146002636121,2,False.
ND,48,786,998-3997,yes,yes,100,1.0874691948199056,4,1.7794033266817144,5.075619562001504,1,2.2140291993420993,1.3239512928458166,150,4.4256749174396495,5.84458509397224,4,3.718192501093659,6,False.
NM,151,787,350-1439,no,yes,700,4.2499246105077315,2,1.4907688271176185,3.068626766127762,0,1.1853630201833272,2.170142941301285,300,0.8335415398030079,5.922975521313182,7,3.9915133805276803,6,False.
UT,73,858,890-5917,no,no,0,6.216594914025653,1,6.043934742039742,6.7679372727521745,1,6.510837217038588,0.9421852356514515,250,6.157013719683593,4.927917533039962,4,4.677666600124117,8,True.
MI,143,777,991-1739,yes,yes,600,1.2466114016933831,4,1.4957363458297017,5.669159748016573,1,0.9511603895821636,2.966821079271422,300,5.039623065819295,4.501992319425723,5,1.198848166070912,9,True.
WI,103,877,113-1209,yes,yes,500,5.532527933651339,7,5.376943589656437,6.50878035799959,4,6.008477077189955,4.003404087935921,350,4.739268576571154,5.066703951713301,6,3.225194431458309,7,False.
MA,77,776,381-2754,yes,yes,800,9.616257414206444,3,6.552164688911291,6.358484995084197,2,7.145676780158526,6.541534533934255,400,5.202255703054631,5.863795728835017,9,3.21621419986951,7,False.
UT,148,858,754-4268,yes,no,0,7.928084860857355,5,7.582889096614353,5.913302541250602,8,4.6829673166230075,6.362098325484785,150,5.806430872170045,5.980888870505748,5,4.09259319893667,5,True.
IN,92,737,472-5869,no,yes,100,9.195333229838786,5,8.042031436078107,7.025432160347826,6,5.627695233646336,5.111198964103979,150,6.792773030574051,5.269097609584986,4,4.13693639744205,6,True.
MN,105,777,546-9974,no,no,0,3.238357148497041,2,4.218547113003504,3.7053125654944443,3,4.062194810456242,4.843425606781835,250,4.018595413204675,5.351747502276804,5,5.57079473812628,4,False.
WV,4,878,510-9652,no,yes,500,4.677963107746016,6,6.25929560153002,5.78630983985439,7,3.7803349411287472,3.3095571746108714,450,6.299289193728031,3.45022123948827,7,0.8531210172376644,7,False.
OK,109,797,602-8582,yes,no,0,6.098997432142786,3,6.550541704357053,5.545089708918695,3,4.7402489240034535,3.625898020089324,150,5.626169433484641,4.47029809610385,5,4.365907870125181,6,True.
OK,14,797,437-5663,yes,yes,600,4.372232488895204,3,4.763078037268163,5.350116338819364,4,4.920831225845058,6.597558911881025,350,3.057663312395676,5.956779214999078,6,5.478657388474944,5,False.
WA,195,876,563-5917,yes,yes,500,6.267437287691702,1,7.868770608962746,4.600336607606259,7,3.8690904341088865,6.141406946430407,350,4.774471294639326,5.478006499857392,6,3.1411472050751033,6,False.
MI,69,777,265-9395,no,no,0,2.339136556909885,5,3.8394363519006225,4.142883667384887,4,4.4322895732284096,2.715782230186619,400,4.914411457720355,5.209464896336342,7,0.10490774548576809,7,False.
WA,101,876,331-3232,yes,yes,1000,3.929610365596466,4,3.423295795017557,5.89239016028869,2,6.358702434241449,1.2105477706138639,350,4.73208024910541,4.926811568000132,8,4.320397069916153,8,False.
FL,102,707,498-2586,yes,yes,300,6.8869587565211,4,5.450731583782601,6.78414397897008,2,5.9694814558127245,4.771412461092623,200,5.304812724159096,3.900654293551969,4,6.056516071886884,5,True.
MS,116,778,856-1759,yes,yes,900,0.23297487883564472,4,0.7862428676320681,4.6565144889975025,4,4.1470372995602425,3.171589744235411,200,4.950855525301901,6.3522944008224815,5,4.1845887785387355,8,True.
NH,69,787,306-4261,no,yes,400,3.079789227764846,4,3.345907642904503,1.9614888267851263,5,4.572323269548824,5.313337604367055,250,5.580351302041036,3.6414043306305652,5,0.9545837648495326,6,False.
MS,150,778,318-4751,no,no,0,2.4386351463137332,2,5.8155469649933265,2.664652098973234,11,2.8507618317176884,9.253883768794804,250,0.9085552729278081,4.626319144315549,5,8.095798948375881,0,False.
CO,22,677,995-3527,no,no,0,6.658794971784241,3,3.036286186295054,4.710954496734489,2,6.308353807622986,4.202892839396219,50,6.194778376258047,3.8213810137509916,6,4.5215942359506425,6,True.
NJ,131,787,506-6419,yes,no,0,8.17955275582818,2,5.527149546739493,7.9246943412874895,0,6.84422981508204,4.32757551604622,250,5.012862198818425,3.9546083157919947,6,7.497076097632155,4,True.
HI,30,727,702-2075,yes,no,0,2.4290085576065246,5,3.5658528400884153,3.486258509076419,3,4.227181169043268,4.141923142422677,200,5.006021041848558,4.806887688235865,4,4.036672666744859,7,True.
IA,183,736,173-7070,no,yes,400,2.906097296988196,3,6.146874260044555,4.840673560467556,4,1.931543256267675,2.458387374028084,200,5.540915253800776,6.161458936957513,6,0.46180093490420937,9,True.
OK,103,797,836-8346,yes,no,0,9.031011876727103,3,6.445067461029254,4.841926376493538,1,7.415940572526293,3.538113245949113,100,7.2184756106561725,7.830561973188805,4,3.977537796340507,6,True.
ND,105,786,646-8456,no,no,0,3.9112307471055305,3,3.80559293574336,6.01885035701609,3,3.648513909081501,4.45478168135638,250,6.858677058704214,6.228356580223785,2,3.844321680514267,6,False.
NE,193,786,158-3166,yes,no,0,9.535598125830724,3,6.798021995949748,6.385195353529206,1,7.363107732490805,3.421205000667425,150,5.988018165805749,6.608776119720741,6,6.016649772142417,4,True.
KY,181,758,945-1816,yes,yes,600,4.853578108959773,3,1.3011932475328507,0.8604367005980933,4,1.567351116569434,2.9891915983294295,250,0.5481178217585629,5.419717954297791,5,5.090368541699601,4,False.
AZ,40,659,644-7250,yes,yes,600,8.255328096120333,3,1.2064435142605516,1.199849129382775,3,0.2522433101400914,2.7421831482851977,300,0.11003875863342216,6.319859831662349,8,0.2417114204624271,6,False.
SD,1,836,390-1778,no,yes,200,6.7479647921691805,1,3.754982519091856,4.334110125714715,2,6.262846668619481,2.705958299145542,150,8.087162268580043,4.886504749981449,4,1.4523635055066944,9,True.
SC,38,836,464-5038,yes,no,0,9.28384225930137,3,6.79485171678033,4.745476027520387,2,6.744784895535719,5.019320686814637,250,6.732564195175581,6.588758169677075,7,2.5826576113597475,7,False.
DE,110,686,781-8134,yes,no,0,5.054827002585741,7,0.6472689349976459,3.483576213561612,7,3.3800544975383913,3.004932876402768,150,2.6725830222983396,5.108362288657729,4,0.21461968103689077,4,False.
NJ,32,787,594-3893,no,no,0,8.26311395042271,3,7.825799299288863,7.174285892857583,0,5.919762442570004,1.1671007574160472,150,5.951720827066801,4.626634123796675,7,3.658206071661115,7,True.
KY,55,758,230-7614,no,yes,700,1.0658690746234178,3,2.183692470132854,3.785791542664765,2,2.5283026867380807,2.7281995131230428,400,3.30510926452115,5.549869995177391,7,2.5296650349034,6,False.
KY,27,758,561-7611,yes,yes,900,1.4975449105283105,1,1.3411329081428596,1.4912317145109784,4,5.627807785627838,0.8091152790326035,250,4.604214690318398,3.3075266320546777,8,1.603392923872061,8,False.
SC,163,836,303-7889,yes,yes,200,9.168640588550767,5,8.855976308668046,4.370087573909601,6,3.971648272654906,3.758675893018599,0,7.625976433427974,4.848048035941706,8,0.8445899312784002,7,True.
IN,87,737,383-6065,no,yes,300,3.945713776993701,1,6.4985548875051045,1.310685764191446,7,3.171887029805811,5.353573795226266,200,3.86666311068816,3.625295114102964,7,0.9645796873657222,5,False.
NM,195,787,916-3660,yes,yes,800,1.2191553480367503,2,3.900300057953932,2.380178348927373,2,3.889899179343067,5.017027641071305,300,1.7159948527961566,5.225276911519521,7,5.051772514475633,5,False.
CO,142,677,510-5988,no,yes,500,6.5006037502892,5,5.5992829353076985,6.747135834719856,2,5.5264635770174255,3.1343534452093484,300,6.630427521564002,6.328309774952736,6,2.055627007399154,8,False.
NE,120,786,143-1727,yes,yes,1000,6.347691637559252,5,4.451823068650899,5.67482843882272,1,7.067938844153563,5.675426227447128,350,3.9603942462129686,4.475494562176894,7,6.659131155159041,5,False.
NH,43,787,758-1307,no,yes,600,1.6907972527612576,4,3.2890679207651714,2.3967470258751113,3,4.629639324698776,5.334542189626424,200,2.1401236508016632,4.044141156430503,6,5.610470921202749,4,False.
OH,41,797,791-2794,yes,no,0,5.333009627955003,3,6.8444040671915864,5.256013969213437,3,3.3401263724058694,2.0563879709504302,250,7.020042613149759,5.726680766058097,6,0.13124105701865751,8,True.
MT,4,778,138-4081,no,no,0,8.962360898832417,3,7.781911628502502,4.55895697701474,3,7.804408968139584,4.894176243451975,100,5.253919177634116,6.3664896542780705,2,7.3434211550485955,5,True.
NC,196,786,898-5743,yes,yes,400,3.404901525957184,6,1.5994324821571624,3.243417714461887,6,1.9059298497155335,2.9104989424961865,300,2.3766082397912953,4.4213770673900425,4,4.718216864439312,3,False.
IA,169,736,160-6461,no,yes,800,11.744852030958128,1,8.351178039945111,4.9083975984218515,4,7.44629723713577,7.3623026882257525,300,6.7649544541736955,4.710645179630942,6,4.242994297692858,6,False.
IL,161,737,470-3257,yes,yes,600,5.23886637618098,2,6.983545183293194,6.116290753589801,4,4.278914575339477,4.399871925313266,300,4.317053438200807,6.129622968592282,5,6.85715165030199,4,False.
DE,154,686,919-1059,no,no,0,11.859669056178786,4,7.423684893467756,3.999807051171444,2,8.703714602314436,4.4713731426196475,0,7.253944878663068,4.880031442525346,5,4.929392810034602,4,True.
ME,132,776,670-2917,no,yes,700,3.0453496549352645,4,2.0034576575974468,3.2039850589683416,1,6.246092821341614,2.5836188109169234,250,5.018733964537686,4.94707501486091,6,2.8185105591750843,7,False.
NY,176,788,784-5256,yes,no,0,9.597170334766853,1,6.051888274934004,7.5653515279041885,3,8.202438983312124,2.107694317160468,200,5.845629849036751,5.675618742126078,7,7.124352241978087,5,True.
CA,60,676,294-7063,no,no,0,3.9872777522251623,3,3.319891933735074,4.29250302682001,0,5.444569022152918,3.476215868568609,200,5.971093072093556,3.0088550802477756,4,2.986233379903188,8,False.
LA,86,766,120-3574,no,yes,400,8.28445052146621,5,6.927629539194115,6.283953539681586,3,6.035704139636785,4.40195796296945,150,5.567321492344662,3.9754744018657,6,4.946277014885997,5,True.
NH,165,787,755-1584,no,no,0,4.429479771595064,4,5.845480911331527,7.23352259976298,4,4.280847539075099,3.237789873775352,350,5.599561855204341,4.554136246522643,4,5.466103551943715,5,False.
VA,162,866,280-3502,yes,no,0,4.0348863711015515,6,1.197537943514308,3.350960773127548,0,4.9708346363160985,5.954435000701926,50,7.139600114867284,4.884715138003465,3,1.6270983141576854,8,True.
IL,101,737,132-4467,yes,yes,200,6.740864639800707,4,5.639796037057502,5.6110713791329365,5,3.804590495801802,5.083805108336926,200,6.582944838223449,4.66322838095341,8,0.3172985144344356,6,True.
CO,140,677,556-9111,yes,yes,300,3.6820657797651415,3,3.420937070419936,2.695068530849991,3,5.093835254290565,4.766841341228023,200,5.94821327292364,3.260299177824354,3,3.0480612195560353,6,False.
WA,26,876,745-7632,no,no,0,8.565802241879261,5,6.816203282978471,6.762451125263139,4,6.256830906385808,4.680851739489478,150,5.968793430916433,5.36478786779008,5,4.8160314518283736,5,True.
CT,142,678,712-1322,yes,no,0,0.5838672382480032,4,3.3154315084002945,5.138772502343483,1,2.754828385267989,0.4167197614138871,100,6.377000244606824,5.0786064786811105,1,3.725932987084338,7,False.
AZ,108,659,368-2967,yes,no,0,11.665087263106944,3,6.909856608219233,7.199647910811748,0,8.697698247728098,5.665427113722365,300,6.032671380827265,4.387030345035653,8,4.201460361197513,8,False.
TX,135,848,929-5449,yes,yes,500,6.577401514776535,5,6.644405329143592,4.165901549842449,4,6.148497517352604,2.647132486219208,200,6.358863062256814,5.564500453971321,5,3.0400210320599355,6,False.
MD,134,776,438-2228,yes,yes,0,9.105028925027431,4,7.36259306493443,6.1767925652688245,2,7.016987799455901,2.6836826985261713,200,8.296428328282618,5.071008770700087,3,1.4639757540491747,9,True.
MD,95,776,977-7929,yes,no,0,12.060535608760432,2,7.121758657066135,8.809285966982312,0,8.277454894689809,5.193884624663325,150,4.942695771783768,3.601012009783749,8,9.765036492634097,1,True.
NV,160,788,914-2227,yes,yes,800,0.8043837750233012,2,3.799444769920318,2.7249139125898245,3,3.813092032821793,3.9365134019499934,300,2.0128561537448517,5.1431985411336125,7,5.535908619533597,4,False.
DC,49,686,689-5590,yes,no,0,0.6756861822433802,3,2.5049604305399074,1.909871615538096,3,3.0057305403652284,3.1087267110895183,200,2.554828199954016,4.604699021930412,7,3.4524168252953937,4,False.
KY,123,758,374-6067,yes,yes,400,7.769242441503167,3,7.359222420522393,2.2899921099325904,6,6.200861931702082,5.856137634095488,100,4.284946554393335,5.999613285307701,6,5.373658946205265,3,True.
FL,48,707,654-7650,yes,yes,1000,3.867570370501639,6,0.8870311263656747,0.2635736023477664,2,8.602788938703432,4.407930325155073,250,4.267230670285558,4.527534661096863,8,0.5818327315689835,9,False.
WY,184,878,493-1022,yes,yes,200,8.056710311691809,3,7.82094647340525,4.796317591077699,7,4.173789055780426,5.744380853055466,100,6.429457111671469,5.052492803412385,6,2.04041939995774,6,True.
ID,79,736,694-1460,yes,yes,200,12.087906848070503,4,9.11259060384663,6.5935008637880355,6,7.340174541807808,5.169107974063263,150,5.831028679350788,5.065650705346514,8,5.5377331509490535,2,True.
NY,46,788,239-1311,no,no,0,10.621145362367201,2,6.907825468390236,8.916203515120472,0,8.58425940349825,3.758746814456446,250,5.757643412220746,5.989201561821358,5,9.36660827755756,3,True.
KY,41,758,806-6533,yes,no,0,2.4464065907387798,6,8.224622805200134,12.133129837233561,12,0.0601622283505705,3.5121395543250857,400,3.9725329072398052,5.723183432156249,4,7.494398434325784,2,False.
WI,133,877,363-3609,yes,no,0,7.575571162256137,5,7.722124908221306,3.5726400055563627,7,6.307309165480145,5.367444595733864,100,5.67309429365614,5.377821269712548,2,5.693675238550667,4,True.
HI,78,727,790-8881,yes,yes,300,4.273816947986739,5,4.558833085381274,3.420463816684707,5,3.885568214637496,6.041607819155995,50,5.868127787936175,3.5224656370239256,3,2.745162785524469,7,True.
OH,122,797,883-7084,yes,no,0,11.865043035533837,5,7.336194801855834,5.371347079518092,5,8.74042420428002,7.27328815985614,100,4.532453129389138,6.956136569192777,7,9.103055464365887,0,True.
FL,183,707,402-5746,yes,no,0,9.438311234537888,6,8.507570298628659,4.87989137548153,10,5.580655318873189,6.237382155463331,150,6.877130682742679,4.1496464116844525,5,2.758527941008836,4,True.
ND,173,786,343-8211,yes,yes,600,1.58906009281176,9,3.504527776392991,4.929693100462328,5,4.583855651712856,1.1525827158820579,400,4.916791248281561,5.494604688571808,7,0.8548482370626589,6,False.
NH,97,787,649-9499,yes,yes,400,9.303737960292839,4,7.508047668489583,4.786463611680834,3,7.370479681917528,3.58184921577356,100,6.10587971369133,4.112203934180762,5,5.4271548593653405,4,True.
OH,83,797,502-5296,no,yes,300,11.797944253500408,2,9.32234237292557,8.158438165669356,1,9.551730680114108,2.5042675833559374,250,5.4021639530472445,3.9317531883386776,5,9.53314290711071,3,True.
SC,78,836,556-1222,no,no,0,7.860990119468447,5,6.301123397160746,7.166451243362153,1,5.89703067750531,1.985019933991972,150,6.906314234076002,3.009447814078642,6,3.079110530861474,6,True.
NV,28,788,514-1335,no,no,0,5.371576087250405,2,6.361225281698861,4.212304361512247,5,4.447847664728126,5.048586188255917,200,4.003245326523416,5.579482948327675,6,5.244973499135719,3,False.
LA,144,766,364-6159,yes,yes,400,5.267145128399284,3,4.906836630574664,5.216115119563411,2,4.315123184860433,3.4442263062752874,200,5.77435003622255,5.994646864900203,7,2.469201903315959,6,True.
MA,103,776,889-3737,yes,yes,500,0.5245685665295303,1,1.0299727243021164,0.28610424963229075,1,3.1177313662822748,3.773533072108475,200,4.797880438070526,3.9466501233458313,5,1.0662320627890396,6,False.
TX,65,848,651-4293,yes,yes,400,6.381925370637828,1,5.319066509163478,6.840719114449277,4,6.991223635217528,0.7826596104303736,200,5.959794944967791,5.359647517740744,5,5.251338982009096,8,True.
IL,193,737,635-5229,yes,no,0,3.769021847601792,5,2.6883208558726714,2.834736802464015,7,1.415503337202368,2.3720335393448533,350,1.8383937949811253,4.7957980787663,5,3.776822315605262,4,False.
AZ,43,659,166-3864,yes,yes,500,8.441610635984148,3,5.585862042163233,5.431942446194513,0,9.287345258051449,4.2701023815033725,150,4.962338686034406,6.2464862550499785,2,9.628821553286944,5,True.
NM,166,787,315-4953,yes,yes,500,0.9873363392882428,5,6.209342719071213,6.8026083560394826,8,1.8432179072005752,2.607059860063778,350,3.0594387291357257,4.723530060460863,5,5.673404448330821,4,False.
AL,186,657,184-8255,yes,yes,600,5.83899850537816,6,2.6787881050163933,5.866985142770802,1,6.228605296029139,2.1442065593026864,200,7.799726549422621,4.7824549013365685,6,1.9580850808270003,8,True.
MN,41,777,483-7730,no,no,0,0.29965374108699194,6,2.1680671086907846,1.3168239045844308,3,1.548519038609271,3.2339294564716186,150,7.327409746939944,4.551652485386685,5,3.4969863489899886,10,True.
DC,162,686,866-5925,no,yes,300,7.417482683189387,5,6.920302647150014,6.743960299114019,7,4.324986627869729,7.096317693475413,150,4.405384097693005,3.1791029123666457,6,5.5153280155317415,4,True.
NV,169,788,510-1025,no,no,0,9.163157202985381,4,3.521193380850863,7.238093546806495,2,8.548388649277765,5.968011349581815,100,5.695659344863827,2.22344893121115,4,8.320510970208653,5,True.
ME,163,776,522-2389,yes,yes,600,2.5279154246948763,6,3.3276051714048105,3.554912975937959,3,5.58140234365144,3.3761088488671556,300,3.44535036194613,3.9585252202335024,7,3.1050727183565634,5,False.
ID,53,736,558-8720,yes,yes,400,9.157483685281276,4,0.6497876671195488,0.3262368982606203,6,0.06414946596843496,3.1077555294449137,150,1.0282204140193105,4.634979661967723,2,7.488886579586306,1,False.
WY,19,878,918-7670,yes,yes,900,8.841697689439428,1,6.42356239335497,2.40290440491517,0,6.456665523344622,6.746343767440214,300,5.792645470213928,5.422894490495782,8,2.983863698464439,7,False.
AR,27,658,388-2227,no,yes,600,2.0797979196851886,5,2.2193894303581723,2.2677747869268305,0,5.700703743336044,1.995089351276349,300,5.3043015737476376,4.59103532301844,7,0.5046755672795786,9,False.
GA,130,716,619-2326,no,no,0,0.8449674367584423,5,1.720471062289108,5.125320721031167,2,4.143750182146118,3.323490748639049,250,4.551788441159226,3.2658862015481134,4,4.210385045240723,6,False.
DC,107,686,935-7546,yes,yes,500,3.2861486503087516,2,4.762878793173392,3.4666933992457043,1,4.342249439088221,4.55140287069834,100,3.1260833581508036,4.200513331598285,5,6.646236982590798,5,False.
IL,38,737,855-2333,no,yes,300,10.453049368822883,6,5.175207483379641,4.762410842832269,3,7.875882652930181,5.642470816628873,0,7.144749926366541,4.611915967079079,6,3.941589766011602,4,True.
ME,115,776,779-7202,yes,yes,600,1.132296136266608,1,4.817367352575329,3.4430934427485047,6,1.0882073647238304,5.110710899825026,200,0.17078280850836336,7.387761827347529,6,8.963091668109737,1,False.
NV,145,788,709-6798,yes,no,0,7.3035379948744215,4,6.285737966099918,5.893257107062209,7,3.9883852887799907,6.615625226452712,200,5.058007148928642,3.828392430556815,8,4.896652459342516,2,True.
HI,17,727,455-1257,yes,yes,300,5.172306700009084,4,4.623547791489194,5.232454713580695,0,4.816750780692751,1.9049168584105174,200,7.872035308869684,4.262719853042338,5,0.005012041629263386,10,True.
VA,86,866,798-2721,yes,yes,100,9.389233117796566,2,10.420645434018615,6.263623092845089,4,7.701151426747073,2.599003347124773,200,4.367294531875174,5.626523808679767,4,8.399491822639595,4,True.
CO,33,677,317-1712,no,no,0,5.663419575627195,4,4.68130029826664,6.157310913360744,0,4.910875718202863,2.5402736173514135,200,5.628699433873707,4.334216098306007,8,2.9587894765764773,6,True.
ME,21,776,988-9262,no,no,0,2.535886255001288,5,3.455142487294955,4.738683916410817,9,0.6279307620158727,2.4214432467626024,350,3.5790460251067966,3.1190820578801794,4,4.066437576881802,3,False.
OR,77,798,895-8678,yes,yes,400,2.4780968047348804,3,3.4518310418856095,4.3548770982060585,9,0.7252468471572531,5.858544761703849,300,0.7108239227111852,4.407243047225591,3,8.34879227090393,1,False.
CA,104,676,382-5311,yes,yes,1000,10.78200043007066,3,7.749604403141898,6.3206565311826735,3,8.309689618545924,8.429549974586317,250,3.931502240557361,8.40564379161104,4,10.964368066835785,3,False.
TX,150,848,522-8452,yes,yes,800,2.1515024857829452,5,2.1922324991861357,3.613945590242124,0,5.880925282044076,3.513333250450237,350,3.478877112966527,5.843361030462369,7,4.426891701494114,6,False.
UT,144,858,642-5982,yes,no,0,3.4423456005104085,1,3.003781509220227,1.8285570578600647,2,6.11082186664966,4.1810566485145015,200,3.1357269836749304,5.585580076993053,7,5.807149380997759,6,False.
NE,143,786,298-5110,yes,no,0,0.6552945187050776,2,2.62641605798503,3.854455908244654,3,2.9154105436637656,4.259732116607631,350,5.167103958598444,3.877939941579163,4,2.6740879521042036,7,False.
ME,34,776,479-1672,yes,no,0,6.0618810046316405,1,7.856888277349192,6.121723697683539,4,4.643242648839823,2.80732716703942,300,5.123603973289296,4.964464940985869,5,4.4568885296925105,5,True.
ME,70,776,635-1455,no,no,0,5.159327112183027,4,4.0522825612885764,5.8657140157212435,3,5.826338607008564,6.242710627862865,300,4.332060355780626,4.732607487752361,4,6.568352267167194,5,False.
NM,168,787,366-5462,no,yes,100,10.98613888004908,3,7.8443713745110415,6.033296085784093,3,6.384149627253883,3.019161843660074,200,8.379479978310018,6.477624550623491,8,0.08428417611761763,6,True.
WI,67,877,254-8423,yes,no,0,4.886512035117686,3,0.6977740396400645,3.7106388663241723,3,0.5463767286618095,3.547603789433968,200,1.536235602272137,3.6315987601498794,3,6.47142673726142,4,False.
WA,82,876,669-1131,no,no,0,0.445755178244732,6,1.8344140967318316,3.588557626563441,4,3.2374357018442765,2.763229501849711,400,5.544506920387312,6.308939256816509,5,0.5580831303321636,7,False.
AL,154,657,255-3655,yes,yes,600,3.6331072350909297,2,1.8153335923390688,0.015687952628270274,0,5.830736700177496,5.383976482200904,300,5.37791633932739,4.0589914282285715,9,2.6278447398045763,9,False.
KS,48,758,938-4636,yes,no,0,6.495413242688244,1,7.683836223836485,3.6140603011553125,5,5.436364830377764,4.499819722740954,150,5.0394019280093065,4.588782839952981,3,4.9485062942377,5,True.
IL,84,737,644-3682,no,no,0,6.044079571668762,5,6.684498991812605,7.673333507607536,4,4.849318404984627,3.297203124506523,200,4.674287600563588,5.980661247600274,6,5.844204070344457,5,False.
HI,81,727,894-3380,no,yes,400,0.19425477436002403,6,1.2095598397329876,2.8605364860201696,2,4.360586163453299,1.8710064728419336,250,5.146056504304619,5.226064678599133,4,2.151812177684057,6,False.
MT,59,778,224-7209,no,no,0,6.3138357434032075,2,4.4423117861879415,9.280764504555064,2,6.0985727773805385,2.772854331981434,300,5.235880437394032,4.723384190037883,6,7.398360709078412,6,True.
WA,42,876,603-7998,yes,no,0,7.7409935869110065,2,10.469051596021055,5.313698466496752,7,4.890093092706564,3.00684125117861,200,5.9938634620823255,4.8853590682198,4,3.4184999718099602,6,True.
TX,1,848,617-3849,no,yes,300,9.522265818698996,5,4.782896454090324,7.0980339207430845,1,8.186149107329125,5.1325585111935474,200,6.771304572672073,4.372064171517489,4,6.5114522429356265,4,True.
SD,25,836,134-6295,yes,no,0,1.5488923772382757,2,1.2760984108798317,1.9079850471793671,0,3.2683542352612465,2.6443184262165076,300,2.2326246980268865,4.63500014952761,8,2.6446268448405554,6,False.
KS,61,758,378-3478,yes,no,0,2.7208834588781645,3,3.6624821117829973,5.024094610660477,7,0.4081227164819037,4.030774424245301,250,1.9420906874246953,6.065604798459689,2,9.106634181958096,1,False.
WV,118,878,735-8346,yes,no,0,11.399091219340171,1,7.31760949897053,4.464820508930022,0,8.987729159240399,4.342721575446216,50,5.877273840938409,4.782057931661532,6,6.56293126195207,4,True.
SC,142,836,385-1667,yes,yes,600,6.654779788513899,6,3.642681254782424,6.258737374141711,2,4.943800724970722,5.52652912274924,150,6.3193538726234415,4.495231049673068,7,3.073516047648507,5,True.
MO,61,777,479-5923,no,no,0,3.909431896732827,3,5.530495035558329,3.1382840267967573,7,4.2805467739565,6.128568350549401,350,3.407972002533073,4.273044378724666,7,3.2984462715762763,4,False.
OK,3,797,425-1500,yes,no,0,2.3102498500428723,5,4.432676785894673,6.6713826529279014,8,0.3916786042061471,2.764321508909627,450,1.7936971377033948,4.08764491656751,6,4.423745551322033,4,False.
WI,146,877,199-6811,no,yes,400,1.1181421731416687,5,2.316193318966482,0.8057091306314756,6,5.390947560575035,5.6053079493357245,200,2.8197566617066605,3.756256618390289,6,2.2885406564605764,4,False.
NM,103,787,926-7341,yes,no,0,6.8333323060175974,2,6.968794644436467,6.249575130500308,1,4.663413573366391,0.49591017775928936,250,6.812702317386338,4.8427713239217445,8,1.4194191989539435,6,True.
NV,54,788,727-8490,yes,yes,500,8.655314663384114,2,8.852817663042067,7.1787622389490195,7,4.355491696912597,6.617488854406355,350,4.984279015816974,5.332049148177466,8,3.5089025237588602,6,False.
WV,49,878,834-3343,no,yes,200,4.709589827724837,4,1.9926792924193113,2.0717986952573892,5,0.7900136067306267,1.679037238374434,150,1.4992443571372314,5.5164723370389295,4,4.599662887498756,4,False.
WI,59,877,121-7862,yes,no,0,6.025338398844389,3,6.554570325706469,2.880076358608927,2,7.145920907251069,2.4099417870445183,150,5.656263158590621,3.7650196871375634,2,4.978441922418622,6,True.
AK,109,657,106-8047,yes,yes,500,3.848942118627785,3,3.0646066997982184,3.4384187751398936,2,3.500655153054895,4.703801115553345,200,6.696541107123926,3.4921736462635122,6,0.30654930270127956,7,True.
SC,161,836,456-2347,no,yes,600,1.321681865674139,3,2.812037870843131,1.7257673781602776,2,4.2830400809676865,5.27468622513165,200,3.117131087799475,3.742444730026728,5,4.386637330368661,6,False.
FL,189,707,147-1488,no,no,0,1.228035886574577,1,4.681712894932277,4.478053879179015,7,2.3311067997646364,7.583463547084247,200,1.415096904610043,5.742973960013099,3,9.49922952018189,2,False.
WA,66,876,404-4242,yes,no,0,3.7961847229135195,3,5.186951033227171,5.145775644277867,2,4.183055911569834,2.1083103082162467,200,6.289109419304969,4.027567989400976,3,4.184304432721263,7,False.
AK,79,657,697-9448,yes,yes,400,10.217920305071388,1,6.452846455563805,5.253484849407239,0,8.350581405833989,4.177403152862222,100,5.91922623291541,5.251338628510486,6,6.958003895421657,4,True.
UT,9,858,668-8648,yes,no,0,12.279197622309285,3,4.941322963136679,5.081106719651755,0,9.140435724673445,6.5307729681985105,0,5.999338058346777,4.387494117868718,8,7.10115344970728,2,True.
IN,31,737,980-2753,no,yes,800,3.594256703756434,5,3.0418852265029748,2.894384355280058,0,6.315147454693094,2.2045752876352664,250,5.453899561395152,5.217133299045363,6,2.4501370541596263,8,False.
DE,157,686,937-5971,yes,yes,500,5.017009631569169,3,2.8495157199499848,5.47973418147045,0,6.146898152173822,4.876256450266808,150,5.206115351359819,5.775644357793926,4,6.664516985134022,6,True.
NV,79,788,933-1782,yes,no,0,2.6796744658424467,0,4.944254908892363,3.4229214515909563,4,2.5930799033908647,7.942064873915777,200,1.2037194224378216,5.591602786943228,7,6.599615830591828,4,False.
WY,154,878,812-1848,yes,no,0,5.644725973871345,3,4.267199548962237,1.0292777268751405,4,6.028435735783109,6.83708707265233,300,5.2792449273958555,5.401068663449248,7,0.5681974631977811,7,False.
TN,37,847,716-2021,yes,yes,400,6.866377585526288,5,5.5743737002080636,4.434219915065822,2,5.910263165841982,2.992919685365244,100,6.88101860019326,5.455255153877922,5,2.1538146685868997,7,True.
WY,80,878,283-3444,yes,no,0,3.912423925124526,5,3.7703660124516665,3.788019697232874,3,5.529049214244048,3.995754446958296,250,5.683114330370314,5.838632677128791,4,3.042824856850683,6,False.
ND,175,786,239-2953,yes,no,0,10.28676378099166,0,5.57850984225391,6.306647985235341,5,9.736263742412344,3.26085966768213,100,5.6914213331075985,3.5880381495983116,4,8.71572411141848,6,True.
HI,163,727,602-1975,yes,no,0,8.503398919272048,3,7.714903861693853,8.32904426235492,1,5.879769682447004,4.80112893125778,200,4.061373961636735,4.003883128933903,6,9.989461248303371,4,False.
VT,171,868,979-1225,no,no,0,1.0057609952601538,3,3.231018324741908,4.267667683379724,1,4.1742830826536945,2.1507464633237383,250,3.6399962651443953,5.086301229098752,4,7.273039920874739,4,False.
DC,109,686,109-9839,yes,yes,800,1.250358856225211,3,4.5538690170960745,4.594666186022966,5,3.3893923131247616,4.80312183399231,350,1.4619442209144813,4.23816918757636,7,6.981230844367208,3,False.
MI,87,777,241-6005,yes,yes,100,10.48059023735198,2,6.525751393895916,8.518203103634939,0,8.654052436855801,3.760387914749608,250,7.19977959422023,4.961927240865251,3,6.645078704714329,5,True.
NC,41,786,974-9099,yes,yes,300,8.921947659672421,2,7.680235676275595,7.20746201697345,3,5.643161770631808,5.146790351163575,200,4.220758810348273,4.650730438144174,8,6.514528094755647,4,True.
TN,169,847,766-2607,yes,no,0,0.6145065453418681,4,0.4392111496808404,5.523940818101327,2,3.875279887495893,2.449950900735273,250,6.9323494004017885,5.9149329152031225,2,2.214557411182762,10,True.
ME,185,776,821-6015,yes,no,0,8.456183010795746,0,8.441444144547324,6.801097636816172,2,5.127515078094125,1.5044982082286702,300,8.16028841865462,4.540002213720106,6,0.0618179695544292,8,True.
CO,7,677,631-6231,no,no,0,10.73203368991352,7,7.095381388641927,6.244680270584552,4,7.097509494277546,5.321813293386598,50,5.941080690766351,5.233851074905884,7,5.665198639263841,3,True.
PA,10,806,287-7503,yes,no,0,9.218921965035417,3,7.00125888314788,8.032982904760672,2,5.98429881872144,3.5234222614939865,250,7.5817469904836265,4.178543424638633,6,2.8837366744027513,7,True.
SC,140,836,937-5271,yes,yes,400,9.006691819543658,3,6.228419049302163,4.49379326878495,4,6.46957306092016,6.703020733417219,250,6.552370684129633,6.730088884628597,6,2.3024959264598523,6,False.
AL,31,657,880-9071,no,yes,500,8.312486106894674,2,4.459681012309337,5.9830561526135995,1,7.955292928766929,4.168682870639681,150,5.821382874514324,3.383933897665246,5,7.498775563397533,4,True.
KS,46,758,793-4614,yes,yes,400,9.218918122851154,3,7.314201153471928,6.186428755121138,2,6.578667206025939,3.824999440141996,150,5.474748813706979,6.476137166835306,7,5.73670507535344,4,True.
TX,61,848,391-7995,yes,yes,200,14.100649700089397,2,8.568482374181036,6.586869962216044,0,9.407152157976453,2.8387877578737006,50,7.392554557366096,4.469968364868188,8,5.311578518102624,4,True.
WI,197,877,132-7512,no,no,0,7.221896657676759,5,3.4568440047373463,3.629634161557174,0,6.35427784939575,3.941230445207413,50,7.809389824357803,6.006191006954578,6,0.6185993923104904,8,True.
AL,159,657,700-2635,yes,no,0,5.874466364915435,2,3.9380268721568976,5.655618987307159,2,4.970986923560936,6.906884861562466,150,3.6209569112472817,6.072488434655835,7,8.021159095437604,2,True.
DC,120,686,230-1001,no,no,0,10.546589948349403,0,10.318356265088863,7.4423787270296575,2,5.579998545565968,0.18414442876260217,300,7.563043270271484,3.863426019119932,9,0.9807773937930175,6,True.
CO,171,677,646-2878,no,no,0,2.509723034741614,5,3.1264843578172052,4.116789803505052,3,3.7529750790773933,5.8008819319706495,150,5.10350743821208,3.360540013142654,2,4.693513463427775,7,True.
WI,80,877,986-6931,no,no,0,7.601036849933179,5,6.190251723722396,7.220510629463004,5,4.556581337409632,5.260744388358461,200,5.877125006740991,3.209378381465881,7,3.834476199512224,5,True.
IN,30,737,532-2774,yes,yes,700,4.405269676764867,4,4.158886255227972,3.252148234222075,3,6.166899263687163,5.156293636416125,300,3.5716089266082047,4.200861778604072,7,4.459497962453719,5,False.
IL,44,737,820-6155,no,yes,100,7.453853454494342,2,6.194571174750742,6.836794204169216,0,5.972796280201078,0.7373675793880157,250,8.11837085082382,5.441747120358986,5,1.0830843729637056,9,True.
IA,52,736,530-9041,no,no,0,9.47821356517068,2,6.319702728536473,8.916046320468473,3,5.184982304264658,5.7309197920236405,300,6.210832453008278,3.9075552251596193,8,4.554805511714816,4,True.
OK,79,797,258-2011,no,no,0,8.472569666829742,5,5.381633082588808,4.599926503891717,1,7.1700758343881885,5.325465373839126,0,5.014488714327733,4.782275216745232,6,7.027826084915633,4,True.
OK,195,797,338-7251,no,no,0,0.44482861299638277,2,3.5832407948944254,2.6159172647691875,4,2.984172393044156,4.803828990296601,450,1.1932917075286222,4.989605392595565,9,2.928344621893072,5,False.
WI,86,877,609-6996,no,yes,700,6.471225256958408,6,3.4643612140373996,7.370264814487764,0,5.902187671073389,4.6862705491274665,200,5.670445084695055,4.270550262871728,6,5.927543579495548,5,True.
TX,17,848,882-4929,no,no,0,0.12092565286274315,3,1.0488275813363894,0.33277592570540726,2,4.257987882746337,5.64365815323842,200,3.4741986517206036,5.974479489814929,4,3.0875939623892696,5,False.
KY,37,758,950-3732,yes,yes,400,3.909542104387774,5,4.940389585760423,3.0624360263982866,4,2.799597453955869,3.0194285993039416,150,7.25168147438634,4.719908362556377,6,1.8260387084914962,9,True.
LA,39,766,524-4864,no,no,0,2.54172218093977,0,1.20554645155929,0.17407911006983134,4,6.043440524142827,4.961826249173258,300,2.866160698522809,3.4712042378488412,11,0.7724249725000156,9,False.
IL,127,737,879-6012,no,yes,300,13.609976109394141,6,7.406677393953538,4.262137212746834,4,8.962452718190448,6.09124416104365,0,7.48112708845137,6.963588906008643,7,4.616187387311382,2,True.
MD,71,776,250-1983,no,yes,600,2.118628455216543,1,4.254912763318633,3.248302437919712,1,4.057379024210282,2.4417460250707714,150,4.1685404259359435,5.456875026034461,4,6.317300975339412,5,False.
UT,122,858,799-4823,no,no,0,2.334374003898259,1,3.8668770233141263,4.726276616698097,3,3.0371281631627287,6.677141021121094,300,3.221173226464695,3.490793960975088,6,4.693338866589118,6,False.
MO,140,777,439-3222,no,no,0,0.460401680855159,5,6.133248215147365,8.876583828694406,7,0.857426155395034,1.901054750788036,450,2.8317231527908575,6.518222611226536,7,5.193460263183692,4,False.
CA,40,676,883-4708,yes,yes,600,4.8698767388148765,5,1.8129665841186986,5.998377321520936,2,6.047635011922422,3.6576551624840143,150,5.561533280315628,5.807959041140803,6,5.116281401358016,6,True.
DC,170,686,892-4174,yes,no,0,1.623396098395999,3,3.055261052762884,6.28308341691388,0,3.7162724949052786,2.157871534359267,350,5.071843204228907,5.373879481350782,5,4.564654644228339,7,False.
ME,183,776,391-4569,no,yes,300,6.684198875461028,3,3.593652386754667,5.114897827258119,2,7.246253728680395,1.7083909850374108,150,7.969104768470041,5.2228032105704,4,2.6971408936785615,8,True.
VT,62,868,103-7280,yes,no,0,5.072152061281491,5,4.916344061408908,6.600411338234018,2,5.302600698515615,3.533501078944156,300,4.537105482033164,4.3952998987652565,7,4.5646148659966475,6,False.
MA,152,776,373-5487,yes,yes,200,8.152586444003061,2,1.3331837282550074,1.959646122356117,1,0.8018835595776963,1.5232651801119355,200,1.5361503409536006,5.896822332709065,4,3.7913634796351516,5,False.
SD,54,836,267-8012,yes,yes,200,1.137328931602184,5,3.9343296082633437,4.943983046952616,10,1.4957101185705004,4.803422367059808,350,3.3109075745105367,5.270567699948807,2,4.994429888395299,3,False.
AZ,103,659,729-8717,no,yes,700,6.136366094929295,1,0.3280011198814279,0.27974158499466384,0,1.1920740942506196,2.3276630727033436,250,0.7592607313066884,5.191774376821931,6,4.229026835140446,5,False.
KY,11,758,258-8399,no,no,0,4.377031563782349,4,4.01032302494622,1.0617143477555695,5,5.858638051836198,5.60494080882259,300,4.670339235739944,3.482583885439018,7,0.5009526964363902,6,False.
WA,31,876,994-8699,no,no,0,0.6705568875190977,4,4.303168568046329,2.4122425455740792,5,3.1230515010387925,3.8646675770805583,100,3.753925175977348,5.498223180295281,2,5.178654847080446,5,False.
SC,68,836,169-9564,yes,yes,200,11.363560347481085,4,5.113695373932382,4.60730955547621,0,8.874506678053594,3.7624359234900933,50,9.081830964800975,5.216857359243196,5,2.0230890758844766,6,True.
IL,170,737,860-3346,no,yes,500,7.679775180533067,4,5.849863449650653,3.5625923768187118,3,6.6036859613079315,4.501959845908572,100,5.120230376290051,4.436422488434633,7,5.205630816648748,3,True.
SD,117,836,724-6608,no,no,0,9.238095674509385,5,6.017919532420716,3.4400612196084417,3,7.0014004972047275,4.843469658625389,0,7.270328394963381,6.278790478100534,5,2.8990331540766503,6,True.
TX,69,848,450-6579,no,no,0,8.644833808737593,2,7.183393352747885,6.37985386543595,0,6.989425839882369,6.414414580268529,200,2.7654759527194948,4.1111499388137736,8,7.834977464027109,7,False.
VT,64,868,570-5915,yes,no,0,0.04833530233073002,4,2.5275828881179763,0.9833173496743184,5,3.6652795978702715,3.5978973484737002,200,5.016335668612685,3.662220267354569,5,1.057441476182162,7,False.
SD,142,836,410-8818,yes,no,0,1.3714421041273637,5,4.2311137470896325,3.650369520750571,6,1.116950651916969,0.6428006825809174,250,4.4449044686218615,3.9050977142505188,5,1.5087363319947897,5,False.
MI,11,777,634-5945,yes,yes,400,7.59842489243897,1,4.546460530983224,2.993862853973415,2,8.010782341465601,1.804622040073487,100,7.154327800528294,3.915650428745284,5,3.375703415736524,6,True.
NM,35,787,402-5186,yes,no,0,5.328071498482584,4,5.942207288680535,5.957497322040861,4,4.809105274717521,5.134632850741779,300,4.229939734429639,5.335158377792408,6,4.159281558798209,6,False.
ID,118,736,109-2283,no,yes,300,3.9318399065563234,5,4.775038870343691,4.883205684851129,4,4.076978580752288,3.3547676224251495,250,7.692839852332715,5.486682670900102,2,0.9304167377019485,9,True.
RI,115,827,355-1946,no,no,0,5.231347957951424,4,4.789832882337521,5.995025499951142,1,4.8508785446232405,3.460454308139091,400,4.922882114413893,4.881418729838016,11,0.28018546477392725,8,False.
DE,57,686,450-2209,no,yes,400,7.577089496797203,2,5.9509151324296425,6.90225376586551,3,5.26960401367011,5.663658472653053,300,6.435773309482284,5.258956658404744,5,4.744818533617735,5,False.
VT,150,868,257-1667,yes,no,0,2.1505515435738394,3,0.9834672669097788,2.4144987066822745,0,2.7441022053850346,2.8872922704271846,250,1.6539517897905407,5.419073798850991,8,3.1550636355615174,6,False.
DC,64,686,456-9617,no,yes,700,0.9108021550582839,3,5.73113399874477,6.928094295849656,7,0.8559272998961678,4.393029078384945,450,1.054837846490385,4.079640467825741,5,7.007229588880538,4,False.
NC,84,786,568-9202,no,no,0,4.775765502325959,4,4.0136305570543,6.316234301622192,1,5.5498023655311135,3.6870731537382113,250,6.003533495607623,5.808190845390889,3,6.302589716497595,6,False.
CA,69,676,516-3737,no,yes,300,6.606470023455356,2,7.718158414122588,5.07284009023507,3,6.247366281599481,2.9924471636532886,200,5.09267536563126,6.145004207853182,3,5.812587069508048,6,True.
FL,71,707,982-2532,no,no,0,3.921420215318151,3,5.458366516992376,4.960646117882721,4,3.1571228575654278,4.373354230057506,200,5.772122486033237,4.695046228749595,4,2.2349888560941595,7,True.
CT,37,678,586-5775,yes,no,0,3.9349113262200106,2,3.32859054880871,4.870958777975293,0,5.266690756384979,6.3845550546657615,150,3.4350148126770494,5.8390056409856035,3,8.947035170877854,5,False.
FL,46,707,488-8267,no,no,0,11.758795337056352,2,10.254835987767073,8.554825789390572,4,6.905499933730569,2.3822833995228843,250,6.163473143754428,5.028147212877372,8,5.434339173871556,3,True.
NV,34,788,660-1152,yes,no,0,6.216649511584217,3,7.6660371364823945,4.979899951703805,5,4.018646732315297,3.0997838748189963,200,6.682731433700544,5.065590755469783,5,0.9785074237461391,8,True.
RI,9,827,721-2734,yes,yes,300,8.747489321290164,3,8.089794224376929,3.9114519352058448,5,6.327743763908771,4.036875028328425,150,6.812471818680521,5.851897351585273,4,3.3828276430135804,5,True.
UT,97,858,211-7236,no,no,0,9.853028430462096,4,6.572423671896072,9.178993372585438,1,6.641426301796082,3.1303676393737887,250,6.147894614232209,5.375856191323031,9,5.633155739587883,4,True.
LA,42,766,298-8775,no,yes,400,1.7332285780552588,2,4.928471200842545,6.402542720730349,6,1.9669022379226333,5.577556137817075,200,3.317251576968802,5.615572054285483,2,9.25332526042725,2,False.
KY,130,758,218-6366,yes,no,0,1.4460221834321754,3,2.963783254319748,3.285140827918065,3,1.9208999572424812,1.4305398939021199,250,4.079351668173761,5.407504897833343,5,1.4248257006434044,7,False.
OK,164,797,558-6569,no,yes,200,10.687401041305993,4,7.687996964168889,5.4393425486805205,7,6.103708710208945,5.603643522760102,150,6.77993707199567,6.228165132912005,8,2.9151663229072446,3,True.
ID,69,736,108-8102,no,yes,300,2.0125197792772305,4,4.793168994810038,2.2086416179672654,6,3.7494341914708036,2.4963623412809635,250,5.101619500779332,5.7719430226324375,5,1.6682152385238154,5,False.
NE,141,786,706-9671,yes,yes,200,11.742051661500708,6,6.979294868587715,8.665361886675893,3,7.483933269941417,4.4647666180512555,150,7.315666629152478,5.013449033834287,8,3.9944609543242713,4,True.
VA,185,866,508-7665,yes,no,0,5.84227678852298,4,3.749306859143796,5.452179399337186,1,6.990465836751428,4.3888071887557265,250,4.782047001864487,6.315469599092464,6,5.242019485893705,7,False.
NE,157,786,672-4560,yes,no,0,0.7214899923547682,5,3.654263397443969,3.4722959046216753,4,3.789520651174495,1.5654783992667163,350,4.749439868528807,3.628734786254089,6,0.7137881134348998,7,False.
KY,72,758,662-2165,yes,no,0,1.711691181009578,0,3.070507954212458,4.239773023490658,0,2.8806900633409436,3.432954346575126,150,4.830882511623393,5.284889937242156,4,6.015689134840251,5,False.
RI,10,827,711-2064,yes,yes,400,4.1444058890648225,5,0.7036342479633007,0.3051454296400866,5,2.7435685989513106,3.212295574015479,250,2.0228078148744353,5.545738480107646,4,2.3832238133619037,5,False.
WY,97,878,906-2458,no,no,0,1.1344060405646514,4,5.566232186586127,8.123958640401558,9,1.4027208506678326,4.721760761638086,500,4.315343122924299,4.972048561415891,3,6.106917506305818,3,False.
LA,4,766,597-1144,yes,no,0,3.2831462996954786,4,3.8835360582632656,5.037636800791353,3,3.901263013639489,3.725683494793369,200,6.251206017604825,6.2084592270632895,3,2.772324562435217,7,False.
VT,133,868,717-3929,yes,yes,500,8.155074333420504,2,5.617474497950794,6.134215962319368,1,5.937031333196842,4.806746756706327,200,5.29996978013883,4.814263226315983,8,5.272216073330963,4,False.
GA,146,716,630-1974,yes,yes,600,7.727445848680805,0,5.601848266305971,2.9874099282286677,1,6.354929616575237,7.9832024180378784,100,4.967131487731038,3.704962036267531,3,7.462217899165768,5,False.
NC,49,786,574-1941,no,no,0,9.709156913878985,2,9.621341755986272,5.956452750169448,7,6.057163173553449,4.904729650074735,200,5.126692073533114,4.709875100956297,6,5.46039058653978,3,True.
IL,135,737,957-3539,no,no,0,4.251071234568392,0,6.891073783722702,6.265121835794682,3,3.0308396730715095,4.084317363702906,400,4.276826267284891,3.9737478971542264,7,4.802589495934118,6,False.
OK,10,797,859-6906,no,no,0,6.478759285987908,3,5.548028201047373,6.702655031583746,1,5.483351749583752,4.011118058357598,250,6.1233009696633935,5.366714982419181,5,3.9370205960775886,7,True.
MI,153,777,677-9305,yes,yes,700,6.597333852385333,4,4.2801018683209975,6.645547519358073,1,6.571851844426272,3.399232300001695,250,6.007848598315471,5.105174941927675,7,3.120768256383573,9,False.
KS,86,758,545-7734,no,no,0,8.832601771879132,2,7.555421116680151,6.514991099485358,4,7.2073853782058865,5.061867993015911,250,4.399119046882942,3.554604964933752,5,8.995959944612562,2,True.
KY,148,758,857-2512,yes,yes,400,0.20262576331573445,4,0.5431937493145487,0.41114519580987086,2,4.880924982075199,5.22635908137848,200,3.302464399028628,5.010552943111091,4,3.0903538142001103,6,False.
WV,186,878,611-6515,no,yes,400,1.0759612180639397,9,1.8547523172908296,3.1356329014512,3,4.317022799216543,0.19009043488154376,350,4.493494948192852,5.330932236151293,7,0.9849100158488682,8,False.
SC,161,836,417-6159,yes,no,0,6.015343768277071,5,4.357962760069525,2.032796438366307,3,6.431353542512904,4.288861440214578,300,7.194242761088362,6.551297786991249,6,2.495377932395802,9,False.
IL,94,737,622-2166,yes,no,0,8.776612015613821,3,7.712419349561819,8.543274126706365,0,5.919447455333181,1.6736777494847668,200,6.475666458865782,5.1528828756714935,7,3.935929969276782,7,True.
MD,170,776,252-5299,no,no,0,6.5244310845816536,2,7.3455820371202,6.152685299089855,2,4.871878311680909,2.0163612131559367,250,5.622510300199192,2.6416384265982544,7,3.6438159361714906,6,True.
AZ,2,659,639-4381,yes,no,0,1.7695607334034582,5,2.3973673958246424,1.6089231888263678,9,2.0065562843059754,4.989532702088363,400,3.947901310728473,3.4222179563881507,4,0.5461728345606094,5,False.
NY,23,788,672-1052,yes,no,0,4.631347241928968,4,7.101131591874289,7.886183360569757,5,3.5285172991916443,2.7075520901163284,400,4.630128780150019,4.692869734143879,7,4.390230487889436,5,False.
CA,173,676,293-4557,no,yes,500,2.607848496352908,2,0.6873530221838138,1.0665089068971527,7,2.4575715228585966,8.029377944061903,300,1.121535472121384,4.548553731967968,5,3.151436743973578,3,False.
NY,164,788,880-6075,no,no,0,6.295295861509263,8,6.44624090736835,7.655634821705014,4,4.705320337142225,4.13027883093674,100,5.130014999484605,5.7450082422441895,5,4.911665463300708,7,True.
MA,14,776,631-8665,no,yes,200,6.149091458873842,4,4.696910300700118,5.410659341612455,3,4.8710228459605425,5.337413586443368,150,7.149150581200192,6.912171467435526,4,1.721324914865693,8,True.
MN,112,777,385-6233,yes,yes,600,1.5978831895299948,3,5.192264130284312,5.634596372860551,5,2.535067221861815,3.3777394699826826,350,4.169188465432082,5.219761437024982,5,5.232839821121638,4,False.
NM,63,787,836-9603,no,yes,900,6.7692437071388785,2,4.570693627180131,3.56358656980937,2,6.960755583149838,3.452314883323532,250,5.873473392924753,3.1064226629186447,8,2.1923611971644976,9,False.
NC,56,786,672-8769,yes,no,0,3.796051241460528,2,4.420617453883315,2.7766068108667845,2,4.597986851434923,4.25106613037607,100,4.652895874794456,3.990342106163748,4,4.916149319293064,5,False.
NM,115,787,586-7227,yes,no,0,0.3007443051377807,4,2.2591857994128883,2.761117085087185,4,3.351906275995357,4.1995695256441685,350,3.531477493577938,7.238621626786845,6,0.42274591032790276,7,False.
CO,152,677,499-8441,no,yes,600,6.2240843229775225,5,2.368151759041512,5.1018163746237315,0,6.408619917541757,5.521108446565254,100,6.835224996667339,4.463901979133334,3,5.2996693888382955,6,True.
MA,107,776,632-8508,no,yes,200,0.13847230069931538,5,5.78611622351291,2.981922615443633,11,1.6996197801954813,2.7318032065169464,250,3.506579208970124,3.3331765973080527,5,3.0667700683535184,2,False.
SD,31,836,445-4695,no,no,0,4.85916551252924,0,4.897050247839504,3.095399099696408,0,4.265183488975228,4.450122521189789,300,5.072289411566459,5.390464712279329,8,1.9381270874591943,7,False.
IA,79,736,538-7678,no,no,0,10.207940423187186,3,7.303147888347452,4.0725190796213635,4,7.335294526426356,4.901800724410581,100,6.071471051170515,6.118295932253658,7,5.142233487940827,3,True.
MD,13,776,974-4650,no,yes,700,5.074851995952561,0,6.563569907824906,7.490495794207446,4,3.0638836400275213,6.769123675093255,300,3.4620019128561736,5.154998420799467,5,8.493041747622387,4,False.
NJ,135,787,726-3450,no,no,0,1.0884929965384282,3,3.200770704301827,5.440601554702237,4,1.76203634893259,3.342426192545492,300,2.7983774383835636,4.505771595655808,5,5.207512958245784,5,False.
SC,82,836,919-1907,yes,yes,700,3.4216461190398864,5,2.8671762871376334,6.763163144801933,1,3.341017467683963,4.225188185087438,250,5.274672793533034,4.1477222636371645,7,3.7565117027488895,6,True.
DC,153,686,150-5245,no,yes,400,9.814335590515814,4,6.4310391776022335,8.26903781673695,4,6.815995097853262,5.619511006130047,250,5.342826495603245,4.798832072923893,7,7.337690408573598,2,True.
NV,165,788,129-4401,no,yes,500,0.7588488417679349,4,1.668713265717292,1.1435516944270998,3,3.5263506707047636,3.4296486763119063,250,3.280698346608673,3.024971708248711,6,2.4109275696014842,5,False.
OR,96,798,588-5953,yes,yes,600,3.215389418482249,5,2.0382977735166827,4.267204234198549,0,6.128700175231069,3.902139065529197,250,5.906840768178173,4.274198780128318,2,5.259973082799569,6,False.
OK,56,797,669-8711,yes,no,0,4.5474356181314874,6,4.1939901351783755,6.850079155858958,0,5.23067539347426,3.179091465214297,200,5.572434068107862,4.68225118715383,4,4.737721624706869,8,True.
MS,155,778,970-7188,no,no,0,11.809295030151167,5,7.8894395652160565,7.582860671029194,5,6.618473198164282,4.973283916495167,200,6.538836346933846,5.22443584018444,10,3.8564655202428124,3,True.
MO,41,777,596-5803,yes,no,0,10.9943875653154,3,10.213156374950282,6.96325054508173,7,5.333787095372168,3.733398984571547,200,6.7342304689515045,5.176461147828064,8,2.757818603085236,4,True.
ID,152,736,111-1222,no,no,0,2.014211595843263,5,3.2457252928725313,6.622682647945043,0,4.608945387935485,1.4474559497569985,250,3.5151672291303977,5.986834864104092,7,5.514172099661157,7,False.
NC,50,786,431-1523,yes,no,0,2.4062308702954605,3,1.0495040704918353,3.652884321919938,2,2.252663785388171,3.016401701801743,300,2.8982322522615203,5.100720958123494,5,3.5304715830893296,6,False.
CT,193,678,975-1551,yes,yes,100,7.801079483760209,2,6.190318455046722,6.6514842396862095,1,6.879444483928107,3.8204630788558163,250,6.519782743486852,4.632707662661594,3,5.302494663412847,6,True.
MD,14,776,518-7608,no,yes,400,1.4902491775529771,5,2.797174649953315,2.5537883127301004,6,2.6766628022217613,4.316066953932768,300,2.324573103496135,6.156694302136409,4,4.211912627666637,4,False.
OR,185,798,468-9308,no,no,0,10.455195406988233,3,4.531812485235038,3.6916507578305864,0,8.389032140361486,4.682667442571911,50,7.6734444269638304,4.283763858582051,6,4.824684723296592,3,True.
CA,42,676,344-9464,no,no,0,5.635760485256362,1,7.729695675102741,6.227893315041861,3,4.184464528064778,1.778057941789399,250,5.5580943044550954,5.590469887920204,6,3.700977133714308,6,True.
WY,112,878,518-6435,no,yes,500,0.7119249683824993,5,2.966349699593481,4.430666329011807,5,2.3943002990009528,2.2810332176561454,400,4.654314546237128,3.6908134382041293,5,2.530543959307198,5,False.
NC,83,786,844-3953,yes,no,0,2.937126701326164,3,3.175004993422889,4.9701334357210385,1,4.410176468376415,4.790311588887644,200,4.814347181688982,7.661491347048859,3,5.727185882310654,7,True.
MN,8,777,766-2015,yes,yes,800,3.1868015078770258,6,2.111388462672582,5.303620492104098,3,6.562837591337318,0.3249905164887821,350,6.086036175138332,4.472996869707192,7,0.9185781193501743,10,False.
CT,119,678,756-8044,yes,yes,100,7.830313653105421,2,10.270856190313618,5.707889988614577,9,4.530616318366282,4.133546347862968,250,4.901081423121749,3.858659820130464,6,4.069771559637581,4,True.
NY,142,788,615-2689,no,yes,800,8.956697993202688,0,7.515526497734456,4.746409057530721,4,5.7233647604814895,9.033259667856749,300,3.276792735140032,6.481833578489065,8,6.134383128041381,5,False.
GA,120,716,276-8277,yes,no,0,1.3947611602254728,1,0.3203869848592742,0.7947478239298631,0,3.5253629543571128,3.9725489023962073,250,4.3657005078147,3.6262157972476454,5,0.503671816495646,8,False.
WY,156,878,150-7566,yes,yes,500,4.133594551379384,5,2.4533905213236142,4.142382966329553,0,4.510809267295141,4.19534891682045,100,6.6675515501017495,5.8104450469777165,5,1.972194489508571,8,True.
MD,53,776,547-6473,yes,no,0,2.615276383410469,2,3.162215377655402,3.742916664368271,2,3.876665638746249,5.08972075037208,200,3.9337108816084667,5.858077556163598,6,4.181360160295186,5,False.
ME,187,776,667-7891,no,no,0,8.762730901827632,4,3.752937298090971,5.864938047559545,0,7.094772150116507,6.49908288447931,100,5.87489873465649,4.5111590928281995,6,6.357131504706495,4,True.
WA,22,876,334-6581,no,yes,900,5.63160944840935,6,5.266954640822086,4.143691220118366,1,6.500446984071171,1.595794561595119,300,5.83067695247086,7.08370052597184,8,2.0015851915523344,7,False.
NJ,168,787,525-7696,no,yes,400,0.0029108563531714537,5,3.9576082007938655,3.601465189114856,7,2.8894596415164657,2.5736719497987615,350,3.8535889852289373,5.344106645848653,5,2.9743810058532847,4,False.
NJ,85,787,506-8430,no,yes,600,2.7270357365343325,4,2.8074542046573843,2.435700861357231,0,5.313399367010999,3.070913368069286,100,5.236249610175539,4.250309440894436,3,4.486593053106795,7,True.
MN,16,777,963-4133,no,no,0,8.480036513175019,4,5.674010672866885,7.6324110212786564,0,7.080290882609063,3.0557402095016784,200,7.0191684782991235,6.280473937059353,5,4.7232736171534375,7,True.
PA,190,806,769-4465,yes,yes,600,2.066691879038411,4,4.3463243137757495,4.969397747721004,4,3.9902076676773857,4.303414015201911,300,3.420856612559829,3.4825475319816936,5,5.59248397125059,5,False.
NM,51,787,305-2439,yes,no,0,0.9237483180808912,5,4.183217236241223,6.45630088787944,2,2.909033903282818,2.165239336857465,300,2.9112423951786233,4.047648971456885,7,4.346788751715328,6,False.
NC,121,786,793-7467,yes,no,0,2.782670340344114,4,3.9808750738643273,2.2886358115524006,5,4.709864855022478,4.7883544399132285,150,5.16393669245983,4.203079793785336,2,4.441622382750294,4,False.
NM,9,787,149-6928,yes,yes,700,3.1583940541194897,5,4.962036218553143,6.485275770561817,4,4.11042964598362,4.486732777463673,350,4.0117241626126905,3.783101067209783,4,6.702408353065879,5,False.
IL,28,737,284-4071,yes,no,0,0.8355731162595097,5,2.2119695705871436,3.9022632558048187,0,4.333768343636092,1.0255538301442257,300,5.143350661894538,6.844759435258736,6,0.3606662267162237,9,False.
MN,18,777,345-5754,yes,no,0,8.416915476338392,3,5.419906240957696,5.3354181533090745,1,6.680815171397655,4.633724571254547,100,7.067995489512539,4.007929671190766,4,3.7424213165556983,7,True.
MS,178,778,426-6584,yes,no,0,0.6252050411347048,4,3.37445701626165,2.8768386436837696,2,4.588040412417323,3.4852684061620782,300,2.5474739566269813,3.4842539430225816,5,6.335717235499697,5,False.
MN,8,777,285-8525,no,no,0,4.449076493546113,7,3.6066224577696278,2.935942396056709,2,6.5450322662231795,2.0099735514650074,250,6.784096954865944,5.328071280626675,5,0.0073565539574147465,8,True.
MD,148,776,644-9701,no,yes,200,5.897349691203701,1,7.611285192989533,7.137412186739032,3,5.6163651172939595,2.2877532969883285,350,4.833572019882567,6.282663504495288,4,6.239499096900159,5,True.
OK,116,797,268-2575,yes,no,0,6.7852968897734804,3,4.9320123966065115,3.2438755428985653,1,6.00706849575912,4.731317337201426,250,6.192822299686651,6.590659449730311,7,1.686925503504054,7,False.
NE,54,786,470-6449,yes,yes,800,1.4851611590325096,1,3.3496631323634505,3.0400422825481943,3,1.925627622144153,2.1482598265797774,400,2.9636205756301566,4.060744705364297,7,2.9928291870152965,5,False.
NV,138,788,534-4421,no,yes,600,5.8490059708846305,4,6.406226363881248,4.355762395693973,5,4.95868835091827,5.757000976270435,150,3.624596841530768,4.191761587857884,5,7.017720103387723,3,True.
ND,161,786,455-9824,no,yes,400,0.5105033146027749,4,3.8248208122181184,1.2741070367937875,5,3.674898814353389,2.999008489706832,200,2.7730990185680247,6.903924320535785,7,2.424693493818843,5,False.
WV,49,878,626-3097,yes,yes,300,8.688811107412938,5,6.313614415714853,2.9153003977849195,4,7.442201016489264,4.666219768938724,100,6.817310046472899,5.686781948559954,4,3.2660229347598646,5,True.
ND,77,786,521-1178,yes,yes,100,8.805333140036474,4,7.717349134029357,7.882054204986073,3,5.1724774908607545,3.0153577612329387,200,7.354065098919293,3.988758649427404,6,1.1997707499966408,8,True.
CA,91,676,182-5538,no,yes,500,4.630319993595095,2,1.7517022200037804,7.688853873141339,5,5.960706152867488,1.1978457858784357,300,7.782528021386894,5.038943916566476,4,3.8411321918434447,8,True.
NV,163,788,932-8727,no,yes,900,4.689795732280585,4,5.5735904679552934,7.262032411820684,3,5.093835359648187,4.769074161364847,450,3.2577122303081856,4.497625876562127,8,5.050048615878333,6,False.
IN,178,737,442-5654,no,no,0,5.351041263628331,4,6.660064558773437,6.550579546721842,7,3.8451223859038883,5.1040530026028055,300,5.000116273299688,3.6581696398390644,5,4.765248555108065,5,True.
MD,102,776,487-6647,yes,no,0,13.219742026674957,1,9.894916504039411,7.872432631251587,0,8.631036843572746,2.4771043608697902,150,6.737472513090663,5.437483833880449,7,6.027477674090324,5,True.
WY,194,878,821-3762,yes,yes,600,2.3961137775622365,4,2.21708360284945,0.2780075836699787,3,5.81142483438359,5.537486058510551,250,4.0863267863563975,4.137508663740524,6,1.4962801441579017,6,False.
KY,165,758,242-5267,no,no,0,7.891093681239993,2,6.933857463653295,5.384212818855921,1,6.822502423656049,3.520120515609446,150,6.237269027529299,6.19786534656101,3,4.795420215322074,7,True.
AZ,46,659,346-1214,no,no,0,0.03040253645270763,7,0.1582605957333154,5.465951147469727,0,5.376365670957247,2.7045092828731465,450,3.740504988085717,6.122231846402132,7,3.0267742652044927,8,False.
SC,24,836,558-9400,no,no,0,9.737355149245612,4,7.3234294288752695,7.66728093508771,2,7.269788862272548,4.05421101847263,150,5.636454972877356,4.348990850646015,5,6.507362562131602,5,True.
NM,51,787,165-7009,yes,no,0,4.748448021353543,6,4.58208549540615,4.442024326935877,2,6.037648786493282,2.7782859217171483,250,5.32914110795483,5.673089037677489,6,3.297382034709457,6,False.
UT,10,858,354-1577,yes,no,0,5.5220520396491315,6,7.935331486092043,7.723265057731265,8,4.090806565151537,4.202368040723413,450,3.853543386122385,4.854781572276864,8,4.707637898106415,4,False.
DC,2,686,832-6063,no,yes,200,1.7516122279412842,4,5.623067752299756,5.753115750567382,8,2.4956382166860243,4.122467748234657,250,3.148448746809626,5.057589274167492,4,6.375707044951934,2,False.
WA,128,876,407-4731,no,no,0,1.0115734549460318,3,3.6793962993781597,0.9170161016233793,9,3.3779772379608413,5.780127379090134,300,3.6378234841318804,5.302203049723568,5,2.427395090807558,3,False.
NH,187,787,697-6195,no,no,0,7.194163436700678,1,8.442386226856433,8.072240032041304,2,5.889268658669394,2.1532667244815134,300,4.470697597806714,5.8279111202337734,5,6.8905016145995805,5,True.
SC,99,836,708-7846,no,no,0,5.290507230435293,5,3.1551262845993837,6.857167355157326,1,5.90235150901129,5.596475324736835,200,6.03964405465458,6.142901489501089,2,5.7072028248135265,7,True.
KY,59,758,879-7782,yes,no,0,11.042607000729962,5,5.953491360410684,8.220257756048127,1,8.422098828317342,1.7682878700591753,150,8.050572289075415,4.72012986330645,7,3.946766950140969,6,True.
NH,99,787,220-4363,no,yes,400,3.2173850139725575,5,2.2682964548063804,2.7614352859762135,0,5.3195375011840635,3.8878696713681045,150,6.767502529562785,4.487540505588964,3,1.1929922419161967,9,False.
FL,46,707,230-3969,yes,yes,300,6.678480137634829,3,7.898792374977146,6.910196342720278,6,4.629922814765955,5.277108475067414,250,4.415225000849954,5.732829076738305,4,6.353167595353146,4,True.
CT,39,678,857-5540,yes,yes,400,7.758506113211142,0,4.369786683369137,6.262171617122957,3,7.231137415147067,2.296364261790636,200,6.568595365861042,3.88147256235142,6,4.973499693586464,6,True.
FL,149,707,517-6678,no,no,0,2.002187194058142,4,4.209847773833791,4.676070727263114,8,0.4211443277820006,3.2894451817535875,350,2.8298730333028925,5.078408886421445,5,3.647527012899708,4,False.
MI,85,777,644-2677,no,no,0,1.7276883393896663,8,3.015527631282032,7.6225941872303045,1,4.960513789971835,1.1304663146356297,300,4.8415992184138,4.993670480032721,3,6.258452732058709,6,False.
AL,192,657,461-3152,no,yes,300,11.810992062286964,3,8.230956093279156,5.0666745051921795,3,8.181422670466159,5.381140276211351,50,4.8194315764352,4.069505901334936,8,7.021931665670349,2,True.
WA,95,876,997-7201,no,no,0,4.168436183662209,4,3.3053573130808536,5.114157952152287,1,5.289609146395365,4.907487381762191,250,5.417720774756866,3.415686356792389,4,4.34574685346422,7,False.
NE,60,786,146-3525,no,no,0,10.812390758707952,4,7.187312400663605,7.8414693469955346,2,7.415224195580804,4.725370163478642,150,6.103059816129193,4.5586265351744535,6,6.1708186987114155,5,True.
NV,127,788,639-2590,yes,no,0,0.8812988677921947,5,4.739061524049223,4.318842807070492,9,2.436894933327515,4.653164266068992,300,4.481421201374504,6.849179719376329,2,4.280272300467403,4,False.
CO,120,677,114-4803,no,yes,300,2.3983357955939533,3,8.517362354286568,8.494591971666345,10,0.7727560199078054,3.4345662213389474,350,2.723153339489588,5.910264218280902,6,6.898736480434741,3,False.
IA,147,736,393-8930,yes,no,0,1.5004988320560706,2,2.9414006349478794,4.650853821194218,5,1.232128133610868,5.21728911480093,150,1.9824630257107287,5.802440433219688,2,8.25321660051748,3,False.
IL,148,737,514-8082,no,no,0,0.2657735261007197,3,2.7642145371550937,0.9861277501268164,3,4.0997208976244535,4.788083639775764,300,1.7182170619617692,4.582105526308295,8,2.9741819251063877,5,False.
LA,40,766,607-6699,no,yes,500,1.050375032331011,2,2.4739473383207784,1.1283059964890034,1,3.619717870778997,2.7343124044906895,250,5.336738093455411,4.9323746086192575,7,0.14588582260103244,7,False.
SD,46,836,537-5675,yes,no,0,2.070222965536077,6,3.410376406632472,3.9184589551951063,6,4.202524278574701,4.335802955074617,300,5.932469514077324,3.607226800002786,2,2.303644249723099,5,False.
PA,120,806,967-5295,no,yes,300,9.08447647156254,4,8.010619999185415,6.633026260501397,6,5.933877809788173,5.16982506701386,250,5.856982541279847,5.985663755335348,6,4.9297185792810225,4,True.
MO,95,777,939-8605,yes,no,0,5.968038137119582,6,5.109286612198706,6.857073840271322,5,4.825652092707672,7.1253526243150676,100,2.8272739680606827,5.556147221870629,6,8.666023313430411,3,True.
CA,97,676,133-4487,yes,no,0,3.122199071584636,5,6.808397548064297,3.2935100688775556,10,3.0910890543308964,4.6638374904590005,150,3.2920493269143973,5.146710245954624,5,4.4433203901449145,2,False.
WI,135,877,295-6630,no,yes,400,0.46680960303906005,3,5.0116604865642405,7.279694786454025,5,1.545419723289211,2.361909240756564,350,4.201153277712986,6.30656723407415,4,5.388107709159476,5,False.
MA,164,776,343-9388,yes,no,0,2.7018620938124456,3,5.0293790817648185,2.804472712400025,4,3.934288415470979,3.6616623035278346,250,3.689721055700317,3.4143225281003557,7,3.033764386537505,5,False.
CA,30,676,518-5298,no,yes,600,0.19008254052283746,3,2.5195676282560315,4.990267169444346,1,2.806302420513029,3.147364585658728,300,3.1971036324653914,3.607939668656631,7,4.077546349676065,6,False.
NY,151,788,252-5421,no,yes,400,7.333387814768196,5,5.556317494544215,3.607462331316568,4,5.326285836865934,5.151320881407066,100,6.301886700834997,5.694115618053625,6,2.245146282355832,6,True.
WA,16,876,340-6118,yes,no,0,9.815910382455037,3,6.3365357593758675,5.982692883318389,0,7.083826002357138,2.9851388508113805,100,6.954761382068925,3.2759071114077534,7,3.6331895172522133,5,True.
MN,92,777,969-4173,yes,yes,400,0.6212515114974524,7,3.4784456697601533,6.766639453334118,4,3.0006175863370363,0.3103321815867597,300,6.184070972576347,4.906977935368608,3,4.236774612737726,5,False.
DE,163,686,654-8477,no,no,0,7.2590118270246204,3,7.469450259370842,6.68364503238639,2,6.381217477355339,2.3218210496900715,200,5.791256191351266,4.126350120558843,4,5.1896760353611455,7,True.
TX,183,848,259-7663,no,yes,400,3.6077142389812833,3,8.060352519952804,5.620948562385604,8,2.4900546314048215,4.176607778352742,200,3.065017967608768,4.623004577609991,5,6.925604756196961,3,False.
MN,159,777,639-4727,no,yes,200,7.282702073008657,4,4.338961990092109,4.351247132677993,2,5.888776516764937,4.397939273315712,150,7.553612985745763,5.958093536188851,5,1.7020869567694539,6,True.
RI,169,827,125-2719,no,yes,200,9.052106118473475,1,8.012623604889505,7.820856194451277,2,6.1340683233481474,3.9022986550789165,250,5.092406155000939,5.747864807509785,7,5.774729985804139,4,True.
OR,150,798,262-5567,yes,yes,900,8.33261904307671,2,4.852509196160442,4.265420776454616,1,7.339556179646435,4.89398721383317,250,6.6252930970573995,5.701044039468859,7,2.441753863938185,9,False.
WA,60,876,906-9866,yes,yes,700,7.318850839338632,3,7.159644343753609,7.250924341970829,4,5.187525423463251,4.833052323061284,350,4.862341937592239,3.7715796477505967,7,4.854246370144088,6,False.
MS,106,778,237-2613,yes,no,0,0.7177835696720276,6,0.8180408594429345,1.9981703772327135,1,4.341314208118392,0.40091665159529377,350,4.951397327589836,4.189776183263789,9,2.4155182657556233,8,False.
UT,139,858,398-5309,no,yes,400,2.5236996111812693,2,3.3292250224605455,4.620995947065106,0,4.160919726071362,2.1682966188221813,200,6.835358707990993,3.6429637370459584,3,1.62935642347774,10,True.
MD,88,776,285-9210,no,yes,200,7.302416803224618,3,6.845040304812466,8.909924877358838,2,3.7521215313223917,1.9618404837648131,300,7.743060047152454,4.256284200729395,7,0.18337727418236405,9,True.
OH,28,797,633-6176,no,no,0,7.2900160130450935,6,4.585765119743764,5.693553067060982,2,5.115172392503744,3.3328717961041567,150,8.474708821463137,6.140655719434046,6,0.1736349973435347,7,True.
WV,29,878,115-1593,no,no,0,6.325997356429664,4,3.9996607507256736,2.63033734949111,2,6.125217328298572,4.452582410452003,100,8.302720010724295,4.274874107659576,2,0.9624338060327631,8,True.
ND,15,786,721-7615,no,yes,700,1.8989855091548016,4,2.4104308761296345,6.470862564501873,0,4.39634632618098,2.01404170619802,300,4.448535960826262,4.402556295271095,6,4.568332618764975,7,False.
WY,164,878,831-5885,yes,yes,400,9.98142145198866,5,6.782086393714428,4.521163791112209,3,6.641708429114087,4.415690226523525,0,6.809208178143744,6.21682453775127,7,3.0738616207126075,5,True.
AL,38,657,462-5141,yes,yes,500,3.5444788416742807,0,3.5254556522021456,2.4689672038192905,1,4.696398834588262,6.74498761847515,100,3.060880925885651,5.614614204717063,4,6.902705353558052,5,False.
TX,83,848,864-2305,yes,no,0,7.359437316409143,6,2.164894188895096,4.654715928638188,2,6.900855366602916,3.166403090575252,50,8.196340301623241,5.346456974712097,6,1.9750605816022668,7,True.
WI,164,877,422-3335,no,yes,300,6.657698262186157,3,7.351792863845553,7.160708431986343,5,2.9692793136123696,3.433395301880767,250,6.136791980095953,7.938690077575809,9,0.8864396869979698,6,True.
VT,8,868,534-7809,no,no,0,5.328445961697948,3,4.3133017982654875,4.809906366818568,1,6.1499656096906765,4.617986662106169,400,4.983687125149184,4.440471663963811,7,3.093739762304338,7,False.
ID,115,736,692-6484,yes,yes,800,6.566509438128408,4,3.1088436537574418,7.366613640555102,1,5.544664407689719,3.716790243575509,200,5.125019636927899,5.588653208503223,10,5.433051223852349,4,True.
AL,94,657,693-7827,yes,yes,600,3.241148785526417,4,5.145217772126148,7.093685917735086,3,3.7816137651286237,1.3641013452054724,300,6.085340269328881,6.489430579189297,4,5.35323326652231,5,False.
MA,47,776,350-6224,no,no,0,6.439899536352836,2,9.911857068733475,7.468014492103307,8,3.1694246403197637,3.8549130078993215,350,5.276227724119137,4.31392690821174,5,2.8912988060897074,6,True.
OH,170,797,760-5930,yes,yes,100,11.83583513990359,3,9.530641950015237,6.967019023053207,4,7.016592819269271,3.31747015427766,200,7.574950710886639,5.0706097607076615,7,3.012212995399225,5,True.
AK,109,657,599-3358,yes,yes,900,9.347012910493191,2,7.443878335329412,9.620402498629286,0,6.032678996707424,5.144126846148043,300,5.650572375625953,5.356631214800779,5,9.044020614659823,6,False.
PA,100,806,438-4657,yes,yes,400,0.22197663903780107,3,2.812234389483626,4.493256713808896,0,0.7278720508225263,0.6970970142659283,250,8.38743913960002,5.097116264807575,6,5.013677488252634,13,True.
TN,141,847,719-2991,yes,no,0,6.753614296086778,2,4.497727288147395,7.329836159299825,2,6.547101675056885,1.6819375289033203,250,7.058586570326087,4.5254318204315656,5,3.989731684359702,8,True.
GA,123,716,645-9483,yes,yes,500,5.929287781641007,4,5.6068019944926935,7.636038825684092,4,4.441316171984422,5.4285598183903385,250,4.046462835218652,4.219340307749081,7,6.528004168613629,4,True.
TN,179,847,233-9833,no,no,0,5.914297200815353,6,2.804059416301891,6.110715978049708,1,5.425254171007641,6.088585312485165,100,5.477352520434251,6.114115636361765,5,5.771916916732046,5,True.
PA,82,806,616-8920,no,no,0,2.3868102310008705,6,1.1829624189155568,0.9662097164381658,5,3.5257366464576627,0.874756004479087,300,5.263886826539737,6.553458157765744,5,0.9448026593906533,5,False.
UT,116,858,752-9951,no,no,0,4.537163373411222,5,4.622637198193505,4.8718609380074485,4,5.147425909057031,3.9156838586418448,300,4.764652111033575,4.286199821284509,6,3.998706541101,5,False.
MT,107,778,131-4444,yes,yes,300,11.356872465382175,3,7.974809242500305,4.3852686333699165,4,8.690027720371093,5.957001010558553,50,4.426075838459214,3.537565626253847,6,8.35725999759547,2,True.
KY,15,758,609-1745,yes,no,0,7.070103443031768,0,8.105830303839857,3.8967123940784867,2,6.172504296586334,3.4733221780693153,150,4.800745113271461,4.976086990729821,4,5.416295111177611,6,True.
MO,82,777,589-6475,yes,no,0,3.347705263357654,1,2.370209531345557,0.2514875588202514,1,4.788731986183311,6.698436904602408,150,4.919857585191204,4.620251086389388,6,0.20480628136103451,7,False.
WI,192,877,210-2371,no,no,0,4.1490629919205455,1,0.5150716232139088,6.142901577857502,4,5.054008465883175,4.409913802626584,300,6.1879426856298405,5.292060380053367,7,3.8756276325127113,7,True.
AR,51,658,664-3233,yes,yes,400,7.275303519179069,0,6.829290263974071,6.740074587096408,0,6.656398290941914,2.0785834941390675,300,5.1064016207295,5.514700404802889,6,6.037972566435425,5,True.
WY,190,878,597-5390,yes,no,0,6.688132547011731,6,2.300351190728809,0.7423817595535223,0,3.051071868561292,0.8318400464568789,50,2.518200665726178,6.040884760280672,0,6.993895430089,4,False.
NM,13,787,206-4954,no,no,0,3.579856695172319,1,4.971848383359976,3.518228296988857,3,4.209196053017218,5.006093984780546,350,3.70236351056427,4.923161158586568,8,2.9348517214295913,6,False.
LA,76,766,110-7162,yes,no,0,0.3607975128991372,4,0.45711840788949143,0.7324030968990973,3,5.585364465365229,0.5829268856167493,250,6.265977038348237,5.878621093977072,7,3.430843461211788,11,False.
FL,54,707,487-1451,no,yes,700,1.9040698937760747,4,1.9372499362240565,1.9026395243802678,2,5.268461007692033,4.095314478654222,350,4.635075780601704,5.510555376573449,7,0.8348839178688161,6,False.
IL,163,737,717-4472,no,yes,400,1.974562918083917,2,5.720456622261928,7.933000756306853,4,1.0082074811884705,3.1584586841854936,300,4.350275289982511,2.6840207765555473,6,4.685022003134413,6,False.
IA,162,736,668-3701,no,yes,400,7.622644060721084,2,4.66332510995532,6.436329410777275,2,5.905825266757006,0.07195970908715754,250,9.204088103706175,6.135703997406477,8,0.6845527815082351,8,True.
NJ,44,787,868-3675,no,yes,400,7.939835839009078,2,5.709942119312301,5.745162350065966,0,7.444063058596814,4.801185856525246,150,4.83046506872283,6.3517273133391186,4,8.136295374122898,4,True.
MN,166,777,734-6714,yes,no,0,3.2239414286088532,6,1.8265212029221485,2.216356476452556,5,1.8301601168138295,0.9045855807100054,250,3.8741394632412787,3.57896707985856,5,0.9631516940119171,6,False.
MS,27,778,706-1573,no,yes,500,2.3363305324699173,3,1.6916620282118107,0.39888525167095956,5,2.4437058124656312,4.707320801619401,300,2.7904872199508777,5.65068211911736,4,2.7290028386179057,4,False.
MI,51,777,297-9046,no,yes,500,2.457522248785256,4,3.1879518581206843,3.741759849433993,3,3.3754563645108475,5.266433150347979,150,5.440595573251809,4.640260219251226,4,2.7605320233916855,7,True.
ID,98,736,871-5585,yes,yes,400,12.99863348854377,5,6.606208318071186,8.476861484971524,1,10.903916707273623,2.7368761828021517,150,6.74286104591842,4.447066091895108,6,8.692037886180582,3,True.
DC,90,686,797-8205,yes,yes,300,3.691612703342825,3,4.711395089308289,3.9517301567917684,4,3.878173112856181,4.809904452358781,150,3.9180934341941405,4.731864303708369,7,3.0633581541843835,6,False.
WY,21,878,982-9580,yes,no,0,5.899476617620911,2,3.8903718445928503,8.49986398429682,2,6.081343134319437,3.730929875295222,250,4.900714663047696,3.7132660211784243,5,7.894353756457211,6,True.
MD,43,776,860-1693,yes,yes,600,2.8629389555273184,3,4.587953597423948,4.024853622774713,5,4.083320564477593,4.436738302552742,300,4.026547974767008,4.423550889209474,5,5.393556159926904,3,False.
MS,74,778,596-4134,no,yes,500,8.566039692413398,6,5.302965074703455,5.031559158019985,2,6.848755637870342,3.9617021271612405,100,7.217933041856231,5.037544116664697,6,3.4545125779184414,6,True.
OH,92,797,639-4129,no,no,0,1.2492097715290145,5,2.780292217798456,3.8457756865803123,3,3.0225269048577252,0.3451208340470373,450,3.4647828054246457,4.930485643515599,9,0.341907476084784,6,False.
ME,111,776,192-1356,no,yes,600,6.9048805971353024,4,6.580769286934407,7.9686048874259345,4,4.973147351727925,5.010946738876344,250,5.45623956246462,4.314299662534905,4,7.927977046806715,4,False.
MO,137,777,876-8877,no,no,0,6.319936639261562,5,5.667369149562722,4.961308960942442,3,5.042104790259044,4.451239688362135,100,6.473106081910974,3.8383256619483594,4,2.289525210683168,8,True.
IL,130,737,522-8277,no,yes,600,0.6778479447880459,5,1.484771803452705,1.6218198040295908,3,5.9198549101520195,4.481792091719758,200,3.3214179931724117,6.043796188814824,6,1.1366104740708298,6,False.
DC,15,686,140-6236,yes,no,0,11.575058816365308,4,9.083636503253834,7.039123201672499,6,7.389739115486174,5.9194807996577925,150,4.890798390800187,4.710562604517829,7,8.451585447066028,1,True.
HI,116,727,555-2990,yes,yes,400,1.6978898414292756,4,4.2337288505810795,4.073055621606139,5,3.771184328097842,3.828832245097382,350,3.9873552415153166,4.001869034118156,5,3.57904130047891,5,False.
PA,57,806,248-5289,no,yes,100,11.691693131718097,3,9.19787999866905,7.738774514391537,3,8.060360706305094,3.4682071837062947,200,6.109278288172457,5.26827261932346,6,6.02250467604782,4,True.
DE,138,686,119-3158,no,no,0,9.543605822434635,3,8.939746059015098,6.044788988529778,5,6.416400255444026,2.955096560427771,200,5.467241692361787,3.8349080099808264,7,5.356818861382383,3,True.
NC,185,786,241-9902,no,no,0,10.144767993064047,3,8.004888451978314,6.239292593362297,3,6.929717319179376,3.8334447031054473,150,7.600482098933838,3.4579756179773025,4,3.448352597312655,6,True.
PA,54,806,920-7473,no,no,0,0.4773054336010265,4,3.130989150112108,1.3779552075288404,4,3.4588254979085935,2.4122496285096293,300,3.597502532046911,6.233604144638954,6,2.319661636137523,5,False.
MA,56,776,149-6315,no,no,0,4.759895923657916,5,3.3121553242490505,4.673232549452798,1,5.99189959288982,5.294932483412454,50,6.103662555517149,3.9425081784006224,0,6.623011896519977,7,False.
OR,27,798,929-9195,no,no,0,10.300360397485857,3,6.11493736375872,8.230003700754128,1,6.441878529278659,4.202250966531832,200,6.7290799908026155,6.310609849630991,9,3.949752713102338,5,True.
DE,180,686,346-2372,no,no,0,9.917811495010945,3,7.038484026093405,7.268595160750708,2,8.235792127948315,4.967547714038499,150,4.5049055637579425,4.634927896791067,5,9.613338809018,2,True.
TX,189,848,182-4465,yes,yes,300,11.098513458248043,2,6.524079012247898,6.798985985231365,1,8.728080020058545,4.132633362524456,50,5.133013832222292,5.836759905353301,7,8.41712261781641,4,True.
MN,66,777,500-3892,yes,yes,500,6.717626592076048,1,5.8073486097240545,2.9626900432386947,1,5.625045404574937,4.675504374889709,150,5.622557508506125,5.823430100511332,6,3.001667023785463,7,False.
MT,105,778,658-3538,no,yes,300,12.276290830581098,5,8.198484384935554,7.791029078201698,2,10.48339534843847,4.679272053312153,100,4.26158004606093,6.602925556137629,4,12.401315915375577,1,True.
MD,196,776,589-4595,no,no,0,2.0117541118119653,3,4.131317874708748,4.789720572314069,1,3.025949272236385,2.7420638700193036,150,5.31506717249091,4.808595599880161,4,3.463104009110416,7,False.
OK,15,797,614-2594,no,yes,600,0.2380536419701258,4,5.399283973052301,5.099324104065047,9,1.9679203691882918,4.862383617106158,400,1.6331297112138516,4.223623137644283,5,6.724156376588896,3,False.
WI,150,877,297-9123,yes,no,0,9.474135001642322,1,7.324769245601833,3.314264103705159,3,7.202187896837406,5.03025855566011,100,6.517980276975286,6.12143071093843,4,3.730292082414933,5,True.
CA,27,676,102-7565,yes,yes,200,9.214007630889391,5,7.9154688282259364,6.707770023525269,6,6.740329329656481,5.492421901082626,200,6.23237607198877,4.341109569513009,3,5.825754570654759,5,True.
LA,191,766,329-3186,yes,no,0,12.819923097566821,3,7.310809369915741,8.331165241844573,0,8.890579049857656,2.182595851287558,200,7.20786315445906,3.6303598098778553,9,5.469429872343973,3,True.
MS,22,778,950-2805,yes,yes,200,3.825894840220999,1,7.318242112716641,6.115262272220236,3,4.486663154435191,1.8570692643014812,350,4.637376037026612,6.969565625551555,3,5.041180911456355,7,True.
MO,26,777,492-1547,no,yes,600,0.7808372114572242,4,2.0882551140954764,3.6762635287458463,2,3.219675850113634,2.9904687469475153,250,3.2605228596419162,4.927868645677929,4,5.742401585180296,4,False.
WY,200,878,453-5368,no,yes,300,6.906995678643192,4,6.184137866650737,7.343630454174998,3,5.831069522574922,5.764845732912542,200,4.257932554200497,3.2955894685288882,4,7.511029642493071,5,True.
IL,54,737,837-6310,yes,yes,200,13.171205730349413,6,6.402694669996708,8.001250057161183,0,8.608507210919441,3.1729765100912957,100,8.777536657731702,6.8473655027009634,8,3.0231076462445197,5,True.
MD,12,776,322-3727,yes,yes,400,6.13003404657745,5,4.422406299268275,7.438036936190972,1,6.9995293167396415,2.85325763441828,200,6.081388460251155,4.087819165653,2,6.242404939414849,8,True.
HI,55,727,871-7116,yes,no,0,1.9062169372324647,3,2.6959840345088883,3.9474965649921705,2,2.03691093029268,2.314604692580602,200,2.413885977638017,6.722464299786516,4,5.942003877609364,5,False.
IA,180,736,439-2222,no,no,0,0.5576690717904436,5,5.384641754348579,4.066840569534241,10,1.1846639517152795,3.247693156734034,200,1.8750942753950235,5.575908117895989,6,5.533380653048146,1,False.
NE,93,786,245-6424,no,yes,400,5.782160191915599,1,5.698954925674707,3.31611432177493,6,3.9118743831847507,7.377487712327188,250,5.1211855300372315,7.139437553734621,6,1.911028103121995,6,False.
TX,166,848,794-3436,no,no,0,11.872115253099874,4,9.37597528173278,5.457679982383041,7,7.7320512037814435,5.931295624346308,100,6.36054310923976,5.982385200143996,4,5.550261372593671,3,True.
MO,34,777,772-8107,no,no,0,11.125084965322452,5,6.0527906776763425,7.030656192780717,3,8.025245659809974,5.873842870833562,150,6.5173456563382395,5.582721232545718,6,6.339113001557323,3,True.
MA,164,776,543-1601,yes,no,0,10.267430504147676,3,6.656236777401317,8.328839550942378,3,8.429273594122824,0.1874826831110754,250,8.949164082892738,4.808010165574286,5,2.943091194576761,9,True.
UT,76,858,808-5808,no,no,0,0.12273215228498735,3,2.863728469350642,2.3431714580675784,7,2.8623445091776665,6.768857998262833,200,3.3078664695544857,4.996297035364455,2,5.8726162869345195,3,False.
WY,175,878,466-8910,no,no,0,6.111437874217971,3,5.554281854809217,5.276826794309266,3,5.175467466311395,6.109668544852429,350,4.466625612689533,4.4253076369870525,8,2.378404403983634,8,False.
NY,14,788,800-6836,no,yes,300,6.188800807155971,5,6.840523689878088,2.8461504688817856,4,5.43614385929967,2.737478466878188,50,7.107336731905353,4.560811777445172,3,1.1541579958381871,8,True.
NY,49,788,266-6102,no,yes,300,8.178914629175374,3,5.139210676365459,5.604239467718312,0,6.932914703293461,4.627188445884041,150,6.367121372852895,4.312672742730614,5,4.049272919944348,6,True.
UT,181,858,165-1219,yes,yes,500,3.4361703276519,4,2.1078576731602374,3.0781352366842865,1,5.402534587071956,5.6437686350818685,150,6.061656834099498,4.774517184612639,2,4.1583446030086915,7,True.
RI,192,827,915-6006,no,no,0,0.7918912253122512,2,4.170688743277737,3.791555553065973,7,1.4968275978167855,4.721043006643345,450,0.9627661418494178,7.388738330850374,9,4.125613157878719,3,False.
PA,68,806,874-9331,no,no,0,7.2698040197598415,4,2.6958705947599073,3.0452349130950616,3,8.240531297988381,3.7616877850288475,0,7.3059935729330245,4.99787699594076,3,4.81371375703527,7,True.
VT,154,868,364-2885,yes,yes,500,7.385258952755492,2,5.954616422502693,4.811488226110373,1,5.875378226794626,3.8745579033611777,150,5.804082959601943,4.417386251814468,6,5.073532506966693,5,True.
WA,116,876,302-6343,no,no,0,10.4986411453059,5,3.694747167317576,5.987833926295034,0,7.978088602067759,4.858825069548285,100,6.993990595622561,6.624458260790668,9,4.78524632541895,3,True.
MD,114,776,591-9050,no,no,0,2.4162741249496045,2,5.228599853079418,4.812884147265404,7,2.3540895629088103,5.48109187334603,300,4.090302337791335,4.447230245424846,4,4.871889914220001,3,False.
ND,94,786,820-7275,no,yes,500,4.137677845925487,4,5.177591482648508,5.471819203128883,4,4.37999819652194,4.174248946132542,250,5.0002429011099805,4.770050543240538,4,5.8813597825801684,5,False.
NV,132,788,851-5643,no,no,0,3.961235029348396,1,6.196442034750814,2.9889323103042233,5,3.816585939883828,4.775301404858902,150,4.413109469222556,6.134977961986156,3,5.4449123634020955,5,False.
LA,147,766,772-9686,no,no,0,4.541621239613658,6,4.459702113456612,5.008778802317408,3,5.355108981133398,1.98832603101534,300,7.050588443134549,5.319574351619721,5,1.8442716909739372,7,False.
ID,194,736,433-2863,yes,yes,700,2.144326546508906,3,2.5889153991242235,5.692174324601682,1,4.495876889689848,3.5776997455195563,200,3.5269841002135185,5.0974395755446,5,5.929626208952682,7,False.
MD,132,776,433-6486,no,no,0,4.324425031329807,7,5.920891295995099,6.969106630630325,5,4.462336453349554,1.925028051837601,300,5.789264539103836,5.642166982761266,5,4.106923905891691,5,False.
MD,15,776,323-7087,no,no,0,5.937122929038804,5,4.143580352893535,1.5242625127520064,1,7.493409210224604,3.210760317909541,50,7.092434860160273,4.001727059903144,2,3.214300240425704,7,True.
OH,15,797,676-1544,no,yes,600,5.43058813677581,8,4.981411067268335,5.148011377058472,7,3.8457812448361457,6.943158079070939,100,4.424812310057648,4.761496389811686,6,4.931030998985499,4,True.
NV,166,788,649-5834,no,no,0,0.17427029246712245,0,3.419849358434469,4.44941270119852,2,1.5928229074054752,4.339873716904177,200,2.7041899709704227,6.528974148214452,5,5.627872933484392,5,False.
IL,148,737,153-6880,yes,no,0,1.4225042960990537,2,2.226654682837622,0.37049398994747307,1,4.683849391145891,5.494233264975158,250,2.5502660231356304,5.514695039104097,8,2.0009100838371294,7,False.
NC,24,786,830-9143,yes,yes,0,7.565216264940464,1,5.7602175184410775,4.936531220691485,2,6.09166438240768,0.26785453089121614,200,9.971113249630932,5.808178582746958,5,3.6017060499659372,12,True.
LA,73,766,380-2514,yes,no,0,4.008197429829256,2,6.078345736574223,3.181286521062821,4,2.7155161251383624,3.16108826708061,150,5.984168331046821,4.232772733725499,7,0.28228674079155347,8,True.
LA,48,766,174-3923,yes,yes,800,5.829491036965633,0,5.4572322560846755,1.5789508610887775,4,4.6918835301012365,8.649933975893179,350,2.4191349790629393,4.655423637302704,11,1.5096773346113643,6,False.
TN,39,847,653-5176,yes,yes,400,8.394324773068279,1,6.674053551383066,5.69811184319733,1,6.503306429605377,3.380795063217024,250,6.274710785535742,5.8610294778584935,6,5.537825162718173,4,True.
WA,148,876,221-5483,no,yes,700,2.9746553045236874,3,5.416406818574106,3.9360199859971203,5,3.6616304615701596,5.054662060034699,400,2.4004769813454203,4.28403777637661,10,2.1814949203970926,5,False.
NH,45,787,475-1549,no,yes,400,3.564823810992071,4,4.241659127145417,5.664435933360779,4,4.764234427706978,5.450135925950526,200,4.396592989243482,6.745850023818416,2,7.3862197380040495,5,False.
WV,13,878,398-2109,no,no,0,4.523997857677898,2,4.676478338812221,1.2312676483007077,3,5.904437656788646,5.8602382407297435,200,3.2245537516511398,3.9745922664793794,7,4.684404517043245,5,False.
CT,117,678,920-6779,no,no,0,3.9342813512006902,3,3.5082480653393193,2.1319388518066784,2,5.027101353869954,4.659399421925106,50,5.624679209320008,2.844246911614972,4,2.0064138166157015,7,False.
CA,190,676,401-7259,yes,yes,500,9.117224646292257,5,6.010149407475046,8.07563943198977,2,6.41263066886864,5.479068220121814,150,4.726566086218073,4.056899770885953,7,7.957076753057211,2,True.
SC,20,836,144-1212,no,yes,700,3.6346867291220324,5,6.109070709973999,5.515135724722977,7,3.901081750901933,5.543476097332136,350,3.486927415432024,6.602933228216353,5,5.89567250629291,4,False.
VA,116,866,848-6210,no,no,0,5.705441618717766,2,6.9500471984342775,5.840014420838302,5,3.5774007871941618,5.023040597783092,250,4.557819117087937,5.18468877213387,7,4.227658026451895,5,True.
SD,6,836,541-4505,yes,yes,600,7.912092006721747,0,5.021922958956948,0.6207646339565578,4,6.47898227114804,9.164085862286674,300,5.1098951933883265,3.7923258020951174,8,0.20520726321560812,7,False.
OH,64,797,850-8204,no,yes,300,9.256391516416784,3,8.146068914533377,6.033268494511505,3,7.512439008338122,2.4412187287055973,200,6.356525786385826,6.36218509261912,4,6.137161330895344,4,True.
AL,7,657,615-8292,no,no,0,4.674676643970966,2,2.517731609678137,1.8494598007265437,2,6.860392030705672,4.991396798503201,200,4.453460764454904,5.536020304068959,7,3.0361891018389464,8,False.
WV,10,878,283-6070,yes,yes,400,3.9348039707171063,4,4.418124633904405,5.939367842126845,2,3.999023810177622,3.436018268597299,350,6.187935923284563,4.7233648445894945,6,0.016035344932408435,9,False.
MA,54,776,703-4460,no,no,0,15.954780289471955,3,10.163798459274439,7.561941390963055,1,10.03648269295892,2.8914734739424985,50,7.280455617930412,4.469676248361988,9,5.601820768223973,3,True.
LA,166,766,776-5681,no,yes,600,2.640038536203316,5,2.6894202990608838,5.005363726712831,4,1.3150228039620941,1.2151905753862104,400,3.1436793502324893,4.7927309144507735,7,2.0945699265086444,6,False.
CT,195,678,430-5166,yes,yes,700,2.8236027870754454,2,4.51152861230988,4.516816980233024,3,3.887390120066705,5.444017428908119,400,2.7683341844249085,5.219028283344424,8,4.10158534246915,5,False.
SD,180,836,497-9805,yes,yes,500,0.27357264586620733,5,2.104553964728709,1.7713788667451782,6,1.314458105161319,5.896292233254431,200,6.141694733833901,4.8929083340376565,3,0.5181790460239828,8,True.
MD,39,776,518-2398,yes,yes,500,2.8686159011235364,2,4.793949146936521,4.3303624035736235,3,3.5265162212576944,3.8457629604245307,250,5.17968984860581,4.540302943467269,4,3.635121651114834,7,True.
OH,41,797,812-8035,yes,no,0,4.606600149643695,3,2.533723218256582,4.277872725717309,3,6.393649168308107,3.3266752113439484,300,4.477047239847286,5.783280894007886,9,1.9473546559667723,9,False.
GA,96,716,189-3207,yes,no,0,7.041144566303124,5,3.7883546852450016,4.757788722194359,0,7.751972057833276,4.669367993995136,200,6.491605589063256,4.218428668565121,4,4.854753043016877,6,False.
