Time,VAV_1:Des Heat Mass Flow [kg/s],VAV_1:Des Cool Mass Flow [kg/s],VAV_1:Des Heat Cap [W],VAV_1:Des Sens Cool Cap [W],VAV_2:Des Heat Mass Flow [kg/s],VAV_2:Des Cool Mass Flow [kg/s],VAV_2:Des Heat Cap [W],VAV_2:Des Sens Cool Cap [W],VAV_3:Des Heat Mass Flow [kg/s],VAV_3:Des Cool Mass Flow [kg/s],VAV_3:Des Heat Cap [W],VAV_3:Des Sens Cool Cap [W],VAV_5:Des Heat Mass Flow [kg/s],VAV_5:Des Cool Mass Flow [kg/s],VAV_5:Des Heat Cap [W],VAV_5:Des Sens Cool Cap [W] 
00:05:00,3.870569E+00,7.989600E+00,1.129368E+05,8.528798E+04,4.140871E+01,8.282614E+01,1.137934E+06,8.858550E+05,5.412964E+00,8.903463E+00,9.485770E+04,9.557243E+04,1.414254E+00,4.612752E+00,5.300796E+04,4.960051E+04 
00:10:00,3.869130E+00,7.964931E+00,1.129315E+05,8.485837E+04,4.139002E+01,8.254750E+01,1.137884E+06,8.811994E+05,5.415995E+00,8.855443E+00,9.484462E+04,9.488004E+04,1.414254E+00,4.605865E+00,5.300796E+04,4.944701E+04 
00:15:00,3.867693E+00,7.940327E+00,1.129262E+05,8.442949E+04,4.137135E+01,8.226995E+01,1.137834E+06,8.765561E+05,5.418996E+00,8.807682E+00,9.483166E+04,9.419058E+04,1.414254E+00,4.598971E+00,5.300796E+04,4.929342E+04 
00:20:00,3.866258E+00,7.915811E+00,1.129208E+05,8.400161E+04,4.135271E+01,8.199377E+01,1.137783E+06,8.719282E+05,5.421956E+00,8.760215E+00,9.481888E+04,9.350442E+04,1.414254E+00,4.592072E+00,5.300796E+04,4.913977E+04 
00:25:00,3.864825E+00,7.891399E+00,1.129155E+05,8.357491E+04,4.133408E+01,8.171913E+01,1.137733E+06,8.673178E+05,5.424873E+00,8.713062E+00,9.480628E+04,9.282181E+04,1.414254E+00,4.585169E+00,5.300796E+04,4.898608E+04 
00:30:00,3.863395E+00,7.867103E+00,1.129102E+05,8.314951E+04,4.131547E+01,8.144616E+01,1.137682E+06,8.627261E+05,5.427746E+00,8.666237E+00,9.479387E+04,9.214288E+04,1.414254E+00,4.578265E+00,5.300796E+04,4.883237E+04 
00:35:00,3.863487E+00,7.854846E+00,1.129105E+05,8.285959E+04,4.131656E+01,8.129537E+01,1.137685E+06,8.595094E+05,5.430578E+00,8.629306E+00,9.478164E+04,9.157531E+04,1.414254E+00,4.576387E+00,5.300796E+04,4.873524E+04 
00:40:00,3.863578E+00,7.842904E+00,1.129109E+05,8.257322E+04,4.131765E+01,8.114821E+01,1.137688E+06,8.563336E+05,5.433366E+00,8.592910E+00,9.476960E+04,9.101374E+04,1.414254E+00,4.574585E+00,5.300796E+04,4.863895E+04 
00:45:00,3.863670E+00,7.831099E+00,1.129112E+05,8.228839E+04,4.131874E+01,8.100286E+01,1.137691E+06,8.531781E+05,5.436113E+00,8.556860E+00,9.475774E+04,9.045607E+04,1.414254E+00,4.572803E+00,5.300796E+04,4.854288E+04 
00:50:00,3.863761E+00,7.819408E+00,1.129116E+05,8.200483E+04,4.131983E+01,8.085908E+01,1.137694E+06,8.500401E+05,5.438818E+00,8.521128E+00,9.474605E+04,8.990196E+04,1.414254E+00,4.571038E+00,5.300796E+04,4.844701E+04 
00:55:00,3.863853E+00,7.807811E+00,1.129119E+05,8.172232E+04,4.132091E+01,8.071667E+01,1.137697E+06,8.469175E+05,5.441483E+00,8.485691E+00,9.473455E+04,8.935117E+04,1.414254E+00,4.569288E+00,5.300796E+04,4.835131E+04 
01:00:00,3.863944E+00,7.796296E+00,1.129122E+05,8.144073E+04,4.132200E+01,8.057552E+01,1.137700E+06,8.438090E+05,5.444107E+00,8.450533E+00,9.472321E+04,8.880351E+04,1.414254E+00,4.567552E+00,5.300796E+04,4.825576E+04 
01:05:00,3.864035E+00,7.785058E+00,1.129126E+05,8.121294E+04,4.132309E+01,8.043760E+01,1.137703E+06,8.412437E+05,5.446693E+00,8.415851E+00,9.471205E+04,8.831189E+04,1.414254E+00,4.565827E+00,5.300796E+04,4.818568E+04 
01:10:00,3.864127E+00,7.774102E+00,1.129129E+05,8.098831E+04,4.132418E+01,8.030303E+01,1.137706E+06,8.387161E+05,5.449239E+00,8.381658E+00,9.470105E+04,8.782578E+04,1.414254E+00,4.564114E+00,5.300796E+04,4.811573E+04 
01:15:00,3.864218E+00,7.763429E+00,1.129133E+05,8.076688E+04,4.132526E+01,8.017183E+01,1.137709E+06,8.362263E+05,5.451747E+00,8.347960E+00,9.469022E+04,8.734521E+04,1.414254E+00,4.562412E+00,5.300796E+04,4.804589E+04 
01:20:00,3.864309E+00,7.753043E+00,1.129136E+05,8.054867E+04,4.132635E+01,8.004402E+01,1.137712E+06,8.337747E+05,5.454218E+00,8.314764E+00,9.467955E+04,8.687031E+04,1.414254E+00,4.560719E+00,5.300796E+04,4.797617E+04 
01:25:00,3.864400E+00,7.742946E+00,1.129139E+05,8.033370E+04,4.132743E+01,7.991962E+01,1.137715E+06,8.313614E+05,5.456652E+00,8.282081E+00,9.466904E+04,8.640116E+04,1.414254E+00,4.559036E+00,5.300796E+04,4.790655E+04 
01:30:00,3.864490E+00,7.733141E+00,1.129143E+05,8.012202E+04,4.132852E+01,7.979864E+01,1.137718E+06,8.289865E+05,5.459050E+00,8.249918E+00,9.465869E+04,8.593787E+04,1.414254E+00,4.557362E+00,5.300796E+04,4.783703E+04 
01:35:00,3.864581E+00,7.723425E+00,1.129146E+05,7.991134E+04,4.132960E+01,7.967899E+01,1.137721E+06,8.266267E+05,5.461412E+00,8.218072E+00,9.464848E+04,8.547815E+04,1.414254E+00,4.555697E+00,5.300796E+04,4.776762E+04 
01:40:00,3.864672E+00,7.713788E+00,1.129150E+05,7.970154E+04,4.133068E+01,7.956052E+01,1.137724E+06,8.242799E+05,5.463740E+00,8.186527E+00,9.463843E+04,8.502181E+04,1.414254E+00,4.554041E+00,5.300796E+04,4.769830E+04 
01:45:00,3.864762E+00,7.704223E+00,1.129153E+05,7.949255E+04,4.133177E+01,7.944313E+01,1.137727E+06,8.219455E+05,5.466034E+00,8.155275E+00,9.462853E+04,8.456876E+04,1.414254E+00,4.552394E+00,5.300796E+04,4.762908E+04 
01:50:00,3.864853E+00,7.694725E+00,1.129156E+05,7.928432E+04,4.133285E+01,7.932678E+01,1.137730E+06,8.196227E+05,5.468293E+00,8.124304E+00,9.461877E+04,8.411887E+04,1.414254E+00,4.550755E+00,5.300796E+04,4.755995E+04 
01:55:00,3.864943E+00,7.685289E+00,1.129160E+05,7.907678E+04,4.133393E+01,7.921141E+01,1.137732E+06,8.173108E+05,5.470520E+00,8.093602E+00,9.460915E+04,8.367201E+04,1.414254E+00,4.549124E+00,5.300796E+04,4.749091E+04 
02:00:00,3.865033E+00,7.675910E+00,1.129163E+05,7.886989E+04,4.133501E+01,7.909696E+01,1.137735E+06,8.150094E+05,5.472715E+00,8.063160E+00,9.459968E+04,8.322808E+04,1.414254E+00,4.547501E+00,5.300796E+04,4.742197E+04 
02:05:00,3.865123E+00,7.666700E+00,1.129166E+05,7.869023E+04,4.133609E+01,7.898481E+01,1.137738E+06,8.129873E+05,5.474877E+00,8.033124E+00,9.459034E+04,8.281405E+04,1.414254E+00,4.545886E+00,5.300796E+04,4.736578E+04 
02:10:00,3.865213E+00,7.657634E+00,1.129170E+05,7.851220E+04,4.133716E+01,7.887462E+01,1.137741E+06,8.109872E+05,5.477008E+00,8.003450E+00,9.458113E+04,8.240410E+04,1.414254E+00,4.544279E+00,5.300796E+04,4.730969E+04 
02:15:00,3.865303E+00,7.648724E+00,1.129173E+05,7.833591E+04,4.133824E+01,7.876640E+01,1.137744E+06,8.090092E+05,5.479109E+00,7.974122E+00,9.457206E+04,8.199805E+04,1.414254E+00,4.542680E+00,5.300796E+04,4.725368E+04 
02:20:00,3.865392E+00,7.639972E+00,1.129176E+05,7.816141E+04,4.133932E+01,7.866017E+01,1.137747E+06,8.070536E+05,5.481179E+00,7.945167E+00,9.456312E+04,8.159618E+04,1.414254E+00,4.541089E+00,5.300796E+04,4.719776E+04 
02:25:00,3.865482E+00,7.631381E+00,1.129180E+05,7.798873E+04,4.134039E+01,7.855596E+01,1.137750E+06,8.051208E+05,5.483219E+00,7.916576E+00,9.455431E+04,8.119842E+04,1.414254E+00,4.539505E+00,5.300796E+04,4.714193E+04 
02:30:00,3.865571E+00,7.622953E+00,1.129183E+05,7.781787E+04,4.134147E+01,7.845377E+01,1.137753E+06,8.032107E+05,5.485230E+00,7.888339E+00,9.454563E+04,8.080463E+04,1.414254E+00,4.537930E+00,5.300796E+04,4.708618E+04 
02:35:00,3.865661E+00,7.614577E+00,1.129186E+05,7.764759E+04,4.134254E+01,7.835222E+01,1.137756E+06,8.013077E+05,5.487212E+00,7.860326E+00,9.453707E+04,8.041337E+04,1.414254E+00,4.536362E+00,5.300796E+04,4.703052E+04 
02:40:00,3.865750E+00,7.606271E+00,1.129190E+05,7.747811E+04,4.134361E+01,7.825159E+01,1.137759E+06,7.994152E+05,5.489166E+00,7.832563E+00,9.452863E+04,8.002492E+04,1.414254E+00,4.534801E+00,5.300796E+04,4.697494E+04 
02:45:00,3.865839E+00,7.598025E+00,1.129193E+05,7.730930E+04,4.134468E+01,7.815186E+01,1.137762E+06,7.975327E+05,5.491092E+00,7.805048E+00,9.452031E+04,7.963926E+04,1.414254E+00,4.533248E+00,5.300796E+04,4.691945E+04 
02:50:00,3.865928E+00,7.589833E+00,1.129196E+05,7.714110E+04,4.134575E+01,7.805297E+01,1.137764E+06,7.956597E+05,5.492991E+00,7.777772E+00,9.451211E+04,7.925629E+04,1.414254E+00,4.531703E+00,5.300796E+04,4.686404E+04 
02:55:00,3.866017E+00,7.581692E+00,1.129199E+05,7.697346E+04,4.134682E+01,7.795487E+01,1.137767E+06,7.937955E+05,5.494863E+00,7.750728E+00,9.450403E+04,7.887592E+04,1.414254E+00,4.530165E+00,5.300796E+04,4.680872E+04 
03:00:00,3.866105E+00,7.573596E+00,1.129203E+05,7.680634E+04,4.134789E+01,7.785752E+01,1.137770E+06,7.919399E+05,5.496709E+00,7.723921E+00,9.449606E+04,7.849822E+04,1.414254E+00,4.528634E+00,5.300796E+04,4.675348E+04 
03:05:00,3.866194E+00,7.565543E+00,1.129206E+05,7.663970E+04,4.134896E+01,7.776089E+01,1.137773E+06,7.900923E+05,5.498529E+00,7.697309E+00,9.448820E+04,7.812273E+04,1.414254E+00,4.527111E+00,5.300796E+04,4.669833E+04 
03:10:00,3.866282E+00,7.557552E+00,1.129209E+05,7.647376E+04,4.135003E+01,7.766522E+01,1.137776E+06,7.882555E+05,5.500323E+00,7.671046E+00,9.448045E+04,7.775116E+04,1.414254E+00,4.525599E+00,5.300796E+04,4.664330E+04 
03:15:00,3.866371E+00,7.549612E+00,1.129213E+05,7.630838E+04,4.135109E+01,7.757037E+01,1.137779E+06,7.864279E+05,5.502091E+00,7.645093E+00,9.447281E+04,7.738307E+04,1.414254E+00,4.524095E+00,5.300796E+04,4.658836E+04 
03:20:00,3.866459E+00,7.541714E+00,1.129216E+05,7.614349E+04,4.135216E+01,7.747625E+01,1.137782E+06,7.846086E+05,5.503835E+00,7.619383E+00,9.446528E+04,7.701772E+04,1.414254E+00,4.522600E+00,5.300796E+04,4.653352E+04 
03:25:00,3.866547E+00,7.533856E+00,1.129219E+05,7.597904E+04,4.135322E+01,7.738281E+01,1.137785E+06,7.827969E+05,5.505555E+00,7.593914E+00,9.445785E+04,7.665508E+04,1.414254E+00,4.521112E+00,5.300796E+04,4.647876E+04 
03:30:00,3.866635E+00,7.526036E+00,1.129222E+05,7.581502E+04,4.135429E+01,7.729004E+01,1.137788E+06,7.809928E+05,5.507251E+00,7.568676E+00,9.445053E+04,7.629504E+04,1.414254E+00,4.519632E+00,5.300796E+04,4.642409E+04 
03:35:00,3.866723E+00,7.518253E+00,1.129226E+05,7.565141E+04,4.135535E+01,7.719791E+01,1.137790E+06,7.791958E+05,5.508923E+00,7.543673E+00,9.444331E+04,7.593765E+04,1.414254E+00,4.518159E+00,5.300796E+04,4.636950E+04 
03:40:00,3.866811E+00,7.510484E+00,1.129229E+05,7.548797E+04,4.135641E+01,7.710614E+01,1.137793E+06,7.774028E+05,5.510572E+00,7.518750E+00,9.443619E+04,7.558114E+04,1.414254E+00,4.516691E+00,5.300796E+04,4.631496E+04 
03:45:00,3.866898E+00,7.502737E+00,1.129232E+05,7.532477E+04,4.135747E+01,7.701481E+01,1.137796E+06,7.756149E+05,5.512198E+00,7.493949E+00,9.442917E+04,7.522603E+04,1.414254E+00,4.515229E+00,5.300796E+04,4.626049E+04 
03:50:00,3.866986E+00,7.495017E+00,1.129235E+05,7.516188E+04,4.135853E+01,7.692399E+01,1.137799E+06,7.738326E+05,5.513802E+00,7.469304E+00,9.442224E+04,7.487266E+04,1.414254E+00,4.513773E+00,5.300796E+04,4.620609E+04 
03:55:00,3.867073E+00,7.487325E+00,1.129239E+05,7.499930E+04,4.135959E+01,7.683367E+01,1.137802E+06,7.720561E+05,5.515384E+00,7.444819E+00,9.441541E+04,7.452109E+04,1.414254E+00,4.512325E+00,5.300796E+04,4.615177E+04 
04:00:00,3.867160E+00,7.479662E+00,1.129242E+05,7.483704E+04,4.136065E+01,7.674385E+01,1.137805E+06,7.702851E+05,5.516944E+00,7.420498E+00,9.440867E+04,7.417137E+04,1.414254E+00,4.510883E+00,5.300796E+04,4.609754E+04 
04:05:00,3.867248E+00,7.472127E+00,1.129245E+05,7.470157E+04,4.136171E+01,7.665550E+01,1.137808E+06,7.687841E+05,5.518482E+00,7.396436E+00,9.440203E+04,7.384991E+04,1.414254E+00,4.509449E+00,5.300796E+04,4.605605E+04 
04:10:00,3.867332E+00,7.464738E+00,1.129248E+05,7.456774E+04,4.136273E+01,7.656883E+01,1.137810E+06,7.673020E+05,5.519951E+00,7.372660E+00,9.439569E+04,7.353166E+04,1.414254E+00,4.508021E+00,5.300796E+04,4.601464E+04 
04:15:00,3.867416E+00,7.457495E+00,1.129251E+05,7.443556E+04,4.136375E+01,7.648388E+01,1.137813E+06,7.658392E+05,5.521406E+00,7.349175E+00,9.438940E+04,7.321670E+04,1.414254E+00,4.506601E+00,5.300796E+04,4.597331E+04 
04:20:00,3.867498E+00,7.450400E+00,1.129254E+05,7.430504E+04,4.136474E+01,7.640066E+01,1.137816E+06,7.643960E+05,5.522808E+00,7.325989E+00,9.438335E+04,7.290509E+04,1.414254E+00,4.505187E+00,5.300796E+04,4.593206E+04 
04:25:00,3.867579E+00,7.443456E+00,1.129257E+05,7.417621E+04,4.136574E+01,7.631919E+01,1.137818E+06,7.629724E+05,5.524205E+00,7.303107E+00,9.437732E+04,7.259690E+04,1.414254E+00,4.503780E+00,5.300796E+04,4.589088E+04 
04:30:00,3.867659E+00,7.436663E+00,1.129260E+05,7.404910E+04,4.136671E+01,7.623950E+01,1.137821E+06,7.615689E+05,5.525553E+00,7.280535E+00,9.437150E+04,7.229221E+04,1.414254E+00,4.502381E+00,5.300796E+04,4.584979E+04 
04:35:00,3.867736E+00,7.429924E+00,1.129263E+05,7.392258E+04,4.136765E+01,7.616064E+01,1.137824E+06,7.601746E+05,5.526844E+00,7.258181E+00,9.436592E+04,7.198996E+04,1.414254E+00,4.500988E+00,5.300796E+04,4.580877E+04 
04:40:00,3.867814E+00,7.423224E+00,1.129266E+05,7.379650E+04,4.136859E+01,7.608238E+01,1.137826E+06,7.587872E+05,5.528139E+00,7.236026E+00,9.436033E+04,7.168995E+04,1.414254E+00,4.499602E+00,5.300796E+04,4.576782E+04 
04:45:00,3.867890E+00,7.416585E+00,1.129269E+05,7.367112E+04,4.136951E+01,7.600492E+01,1.137829E+06,7.574087E+05,5.529389E+00,7.214084E+00,9.435493E+04,7.139234E+04,1.414254E+00,4.498223E+00,5.300796E+04,4.572696E+04 
04:50:00,3.867966E+00,7.410777E+00,1.129272E+05,7.355508E+04,4.137044E+01,7.593551E+01,1.137831E+06,7.561208E+05,5.530638E+00,7.193058E+00,9.434953E+04,7.110504E+04,1.414254E+00,4.496850E+00,5.300796E+04,4.568617E+04 
04:55:00,3.868040E+00,7.408410E+00,1.129274E+05,7.347776E+04,4.137134E+01,7.589931E+01,1.137833E+06,7.552066E+05,5.531841E+00,7.175330E+00,9.434434E+04,7.085486E+04,1.414254E+00,4.495482E+00,5.300796E+04,4.564543E+04 
05:00:00,3.868115E+00,7.412951E+00,1.129277E+05,7.347817E+04,4.137225E+01,7.593040E+01,1.137836E+06,7.550496E+05,5.533045E+00,7.164249E+00,9.433914E+04,7.067946E+04,1.414254E+00,4.494118E+00,5.300796E+04,4.560474E+04 
05:05:00,3.868191E+00,7.427961E+00,1.129280E+05,7.369776E+04,4.137318E+01,7.606319E+01,1.137838E+06,7.570507E+05,5.534258E+00,7.163163E+00,9.433390E+04,7.071791E+04,1.414254E+00,4.492761E+00,5.300796E+04,4.561481E+04 
05:10:00,3.868269E+00,7.456393E+00,1.129283E+05,7.406837E+04,4.137413E+01,7.632646E+01,1.137841E+06,7.605199E+05,5.535471E+00,7.174853E+00,9.432866E+04,7.090011E+04,1.414254E+00,4.491411E+00,5.300796E+04,4.562496E+04 
05:15:00,3.868347E+00,7.499709E+00,1.129286E+05,7.460646E+04,4.137508E+01,7.673541E+01,1.137844E+06,7.656285E+05,5.536677E+00,7.200881E+00,9.432345E+04,7.124366E+04,1.414254E+00,4.490070E+00,5.300796E+04,4.563521E+04 
05:20:00,3.868426E+00,7.558306E+00,1.129289E+05,7.531650E+04,4.137604E+01,7.729467E+01,1.137846E+06,7.724282E+05,5.537875E+00,7.241764E+00,9.431828E+04,7.175436E+04,1.414254E+00,4.488740E+00,5.300796E+04,4.564558E+04 
05:25:00,3.868506E+00,7.632596E+00,1.129292E+05,7.620312E+04,4.137701E+01,7.800857E+01,1.137849E+06,7.809681E+05,5.539063E+00,7.298041E+00,9.431315E+04,7.243827E+04,1.414254E+00,4.487427E+00,5.300796E+04,4.565615E+04 
05:30:00,3.868586E+00,7.718115E+00,1.129295E+05,7.721608E+04,4.137799E+01,7.883445E+01,1.137851E+06,7.907679E+05,5.540241E+00,7.365607E+00,9.430806E+04,7.324920E+04,1.414254E+00,4.486136E+00,5.300796E+04,4.566696E+04 
05:35:00,3.868666E+00,7.810844E+00,1.129298E+05,7.831016E+04,4.137896E+01,7.973375E+01,1.137854E+06,8.013939E+05,5.541406E+00,7.440756E+00,9.430303E+04,7.414545E+04,1.414254E+00,4.484870E+00,5.300796E+04,4.567806E+04 
05:40:00,3.868747E+00,7.907186E+00,1.129301E+05,7.944491E+04,4.137995E+01,8.067175E+01,1.137857E+06,8.124552E+05,5.542560E+00,7.520166E+00,9.429805E+04,7.508965E+04,1.414254E+00,4.483636E+00,5.300796E+04,4.568952E+04 
05:45:00,3.868828E+00,8.005714E+00,1.129304E+05,8.060427E+04,4.138093E+01,8.163414E+01,1.137859E+06,8.237912E+05,5.543702E+00,7.602404E+00,9.429312E+04,7.606569E+04,1.414254E+00,4.482441E+00,5.300796E+04,4.570141E+04 
05:50:00,3.868909E+00,8.105043E+00,1.129307E+05,8.177265E+04,4.138192E+01,8.260741E+01,1.137862E+06,8.352497E+05,5.544832E+00,7.686131E+00,9.428824E+04,7.705848E+04,1.414254E+00,4.481292E+00,5.300796E+04,4.571382E+04 
05:55:00,3.868990E+00,8.201638E+00,1.129310E+05,8.291028E+04,4.138291E+01,8.355750E+01,1.137865E+06,8.464475E+05,5.545949E+00,7.768006E+00,9.428341E+04,7.803046E+04,1.414254E+00,4.480194E+00,5.300796E+04,4.572681E+04 
06:00:00,3.869071E+00,8.295951E+00,1.129313E+05,8.402225E+04,4.138390E+01,8.448808E+01,1.137867E+06,8.574261E+05,5.547054E+00,7.848333E+00,9.427864E+04,7.898504E+04,1.414254E+00,4.479153E+00,5.300796E+04,4.574044E+04 
06:05:00,3.804575E+00,8.592429E+00,1.126839E+05,8.753607E+04,4.073689E+01,8.744933E+01,1.136054E+06,8.925244E+05,5.483090E+00,8.132386E+00,9.455442E+04,8.235902E+04,1.414254E+00,4.572227E+00,5.300796E+04,4.687663E+04 
06:10:00,3.739853E+00,8.892921E+00,1.124173E+05,9.109498E+04,4.008782E+01,9.045483E+01,1.134084E+06,9.281200E+05,5.416256E+00,8.421440E+00,9.484218E+04,8.578921E+04,1.414254E+00,4.666908E+00,5.300796E+04,4.803091E+04 
06:15:00,3.674999E+00,9.193108E+00,1.121310E+05,9.465031E+04,3.943775E+01,9.346139E+01,1.131955E+06,9.637259E+05,5.341826E+00,8.711970E+00,9.516268E+04,8.923587E+04,1.414254E+00,4.762078E+00,5.300796E+04,4.919065E+04 
06:20:00,3.609825E+00,9.492058E+00,1.118227E+05,9.819157E+04,3.878485E+01,9.645999E+01,1.129649E+06,9.992407E+05,5.258146E+00,9.003463E+00,9.552318E+04,9.269323E+04,1.414254E+00,4.857685E+00,5.300796E+04,5.035524E+04 
06:25:00,3.544582E+00,9.789191E+00,1.114926E+05,1.017122E+05,3.813147E+01,9.944525E+01,1.127169E+06,1.034604E+06,5.166232E+00,9.295485E+00,9.591955E+04,9.615641E+04,1.414254E+00,4.953675E+00,5.300796E+04,5.152409E+04 
06:30:00,3.479239E+00,1.008401E+01,1.111390E+05,1.052067E+05,3.747726E+01,1.024125E+02,1.124499E+06,1.069763E+06,5.067306E+00,9.587569E+00,9.634620E+04,9.962016E+04,1.414254E+00,5.050015E+00,5.300796E+04,5.269683E+04 
06:35:00,3.478384E+00,1.017149E+01,1.111342E+05,1.063678E+05,3.747020E+01,1.033066E+02,1.124469E+06,1.081591E+06,5.027451E+00,9.673868E+00,9.651799E+04,1.007680E+05,1.414254E+00,5.052627E+00,5.300796E+04,5.281469E+04 
06:40:00,3.477675E+00,1.024934E+01,1.111302E+05,1.074206E+05,3.746444E+01,1.041106E+02,1.124445E+06,1.092406E+06,4.985241E+00,9.752699E+00,9.670027E+04,1.018319E+05,1.414254E+00,5.054005E+00,5.300796E+04,5.291862E+04 
06:45:00,3.477030E+00,1.032088E+01,1.111266E+05,1.084025E+05,3.745898E+01,1.048570E+02,1.124422E+06,1.102572E+06,4.946032E+00,9.826486E+00,9.686964E+04,1.028391E+05,1.414254E+00,5.055253E+00,5.300796E+04,5.302112E+04 
06:50:00,3.476644E+00,1.038648E+01,1.111245E+05,1.093176E+05,3.745572E+01,1.055494E+02,1.124409E+06,1.112133E+06,4.931395E+00,9.894911E+00,9.693284E+04,1.037860E+05,1.414254E+00,5.056416E+00,5.300796E+04,5.312268E+04 
06:55:00,3.476271E+00,1.044637E+01,1.111224E+05,1.101685E+05,3.745236E+01,1.061893E+02,1.124394E+06,1.121104E+06,4.922081E+00,9.958072E+00,9.697282E+04,1.046738E+05,1.414254E+00,5.057537E+00,5.300796E+04,5.322381E+04 
07:00:00,3.475947E+00,1.050071E+01,1.111205E+05,1.109570E+05,3.744931E+01,1.067789E+02,1.124380E+06,1.129508E+06,4.913804E+00,1.001610E+01,9.700835E+04,1.055038E+05,1.414254E+00,5.058645E+00,5.300796E+04,5.332480E+04 
07:05:00,3.475667E+00,1.055042E+01,1.111189E+05,1.119470E+05,3.744661E+01,1.073271E+02,1.124368E+06,1.139982E+06,4.906331E+00,1.006982E+01,9.704046E+04,1.065389E+05,1.414254E+00,5.059759E+00,5.300796E+04,5.355260E+04 
07:10:00,3.475423E+00,1.059584E+01,1.111175E+05,1.128887E+05,3.744424E+01,1.078372E+02,1.124357E+06,1.150029E+06,4.899491E+00,1.011955E+01,9.706986E+04,1.075290E+05,1.414254E+00,5.060891E+00,5.300796E+04,5.378062E+04 
07:15:00,3.475208E+00,1.063716E+01,1.111163E+05,1.137844E+05,3.744215E+01,1.083125E+02,1.124348E+06,1.159683E+06,4.893151E+00,1.016566E+01,9.709713E+04,1.084786E+05,1.414254E+00,5.062052E+00,5.300796E+04,5.400898E+04 
07:20:00,3.475016E+00,1.067391E+01,1.111151E+05,1.146286E+05,3.744030E+01,1.087480E+02,1.124340E+06,1.168890E+06,4.887230E+00,1.020796E+01,9.712262E+04,1.093853E+05,1.414254E+00,5.063249E+00,5.300796E+04,5.423775E+04 
07:25:00,3.474844E+00,1.070520E+01,1.111142E+05,1.154113E+05,3.743864E+01,1.091348E+02,1.124332E+06,1.177550E+06,4.881673E+00,1.024549E+01,9.714655E+04,1.102383E+05,1.414254E+00,5.064485E+00,5.300796E+04,5.446698E+04 
07:30:00,3.474688E+00,1.073157E+01,1.111133E+05,1.161388E+05,3.743716E+01,1.094780E+02,1.124326E+06,1.185720E+06,4.876437E+00,1.027881E+01,9.716910E+04,1.110439E+05,1.414254E+00,5.065765E+00,5.300796E+04,5.469671E+04 
07:35:00,3.474548E+00,1.075340E+01,1.111125E+05,1.168152E+05,3.743583E+01,1.097805E+02,1.124320E+06,1.193430E+06,4.871487E+00,1.030831E+01,9.719044E+04,1.118066E+05,1.414254E+00,5.067093E+00,5.300796E+04,5.492699E+04 
07:40:00,3.474419E+00,1.077285E+01,1.111117E+05,1.174647E+05,3.743462E+01,1.100619E+02,1.124314E+06,1.200904E+06,4.866797E+00,1.033597E+01,9.721066E+04,1.125486E+05,1.414254E+00,5.068473E+00,5.300796E+04,5.515787E+04 
07:45:00,3.474302E+00,1.079058E+01,1.111110E+05,1.180950E+05,3.743353E+01,1.103284E+02,1.124310E+06,1.208211E+06,4.862342E+00,1.036238E+01,9.722987E+04,1.132765E+05,1.414254E+00,5.069903E+00,5.300796E+04,5.538932E+04 
07:50:00,3.474194E+00,1.080783E+01,1.111104E+05,1.187199E+05,3.743253E+01,1.105913E+02,1.124305E+06,1.215477E+06,4.858103E+00,1.038866E+01,9.724816E+04,1.140030E+05,1.414254E+00,5.071380E+00,5.300796E+04,5.562131E+04 
07:55:00,3.474095E+00,1.082636E+01,1.111098E+05,1.193592E+05,3.743162E+01,1.108682E+02,1.124301E+06,1.222900E+06,4.854064E+00,1.041658E+01,9.726559E+04,1.147480E+05,1.414254E+00,5.072905E+00,5.300796E+04,5.585384E+04 
08:00:00,3.474003E+00,1.084638E+01,1.111093E+05,1.200153E+05,3.743078E+01,1.111603E+02,1.124297E+06,1.230495E+06,4.850209E+00,1.044630E+01,9.728222E+04,1.155131E+05,1.414254E+00,5.074472E+00,5.300796E+04,5.608684E+04 
08:05:00,3.473919E+00,1.086767E+01,1.111088E+05,1.207362E+05,3.743000E+01,1.114651E+02,1.124294E+06,1.238740E+06,4.846524E+00,1.047758E+01,9.729813E+04,1.163466E+05,1.414254E+00,5.076075E+00,5.300796E+04,5.634560E+04 
08:10:00,3.473840E+00,1.088856E+01,1.111084E+05,1.214527E+05,3.742929E+01,1.117668E+02,1.124291E+06,1.246949E+06,4.843012E+00,1.050891E+01,9.731329E+04,1.171806E+05,1.414254E+00,5.077706E+00,5.300796E+04,5.660469E+04 
08:15:00,3.473767E+00,1.090883E+01,1.111080E+05,1.221623E+05,3.742863E+01,1.120628E+02,1.124288E+06,1.255094E+06,4.839659E+00,1.054007E+01,9.732776E+04,1.180126E+05,1.414254E+00,5.079364E+00,5.300796E+04,5.686407E+04 
08:20:00,3.473700E+00,1.092823E+01,1.111076E+05,1.228620E+05,3.742801E+01,1.123505E+02,1.124285E+06,1.263147E+06,4.836451E+00,1.057082E+01,9.734162E+04,1.188401E+05,1.414254E+00,5.081045E+00,5.300796E+04,5.712373E+04 
08:25:00,3.473636E+00,1.094641E+01,1.111072E+05,1.235481E+05,3.742744E+01,1.126267E+02,1.124283E+06,1.271068E+06,4.833377E+00,1.060087E+01,9.735489E+04,1.196598E+05,1.414254E+00,5.082748E+00,5.300796E+04,5.738362E+04 
08:30:00,3.473577E+00,1.096312E+01,1.111069E+05,1.242176E+05,3.742690E+01,1.128886E+02,1.124280E+06,1.278830E+06,4.830427E+00,1.062999E+01,9.736763E+04,1.204689E+05,1.414254E+00,5.084468E+00,5.300796E+04,5.764372E+04 
08:35:00,3.473521E+00,1.097798E+01,1.111066E+05,1.248663E+05,3.742639E+01,1.131326E+02,1.124278E+06,1.286391E+06,4.827593E+00,1.065783E+01,9.737987E+04,1.212636E+05,1.414254E+00,5.086204E+00,5.300796E+04,5.790399E+04 
08:40:00,3.473469E+00,1.099087E+01,1.111063E+05,1.254928E+05,3.742591E+01,1.133569E+02,1.124276E+06,1.293730E+06,4.824853E+00,1.068423E+01,9.739170E+04,1.220423E+05,1.414254E+00,5.087953E+00,5.300796E+04,5.816442E+04 
08:45:00,3.473419E+00,1.100167E+01,1.111060E+05,1.260959E+05,3.742546E+01,1.135604E+02,1.124274E+06,1.300835E+06,4.822204E+00,1.070910E+01,9.740314E+04,1.228035E+05,1.414254E+00,5.089713E+00,5.300796E+04,5.842497E+04 
08:50:00,3.473371E+00,1.101030E+01,1.111057E+05,1.266745E+05,3.742503E+01,1.137419E+02,1.124272E+06,1.307692E+06,4.819643E+00,1.073230E+01,9.741420E+04,1.235462E+05,1.414254E+00,5.091482E+00,5.300796E+04,5.868563E+04 
08:55:00,3.473326E+00,1.101666E+01,1.111054E+05,1.272276E+05,3.742462E+01,1.139003E+02,1.124270E+06,1.314290E+06,4.817166E+00,1.075376E+01,9.742490E+04,1.242691E+05,1.414254E+00,5.093258E+00,5.300796E+04,5.894637E+04 
09:00:00,3.473283E+00,1.102068E+01,1.111052E+05,1.277543E+05,3.742422E+01,1.140348E+02,1.124269E+06,1.320618E+06,4.814771E+00,1.077337E+01,9.743525E+04,1.249713E+05,1.414254E+00,5.095040E+00,5.300796E+04,5.920717E+04 
09:05:00,3.473242E+00,1.102150E+01,1.111050E+05,1.281944E+05,3.742385E+01,1.141359E+02,1.124267E+06,1.326065E+06,4.812451E+00,1.079022E+01,9.744527E+04,1.255917E+05,1.414254E+00,5.096825E+00,5.300796E+04,5.944267E+04 
09:10:00,3.473203E+00,1.101946E+01,1.111047E+05,1.286023E+05,3.742348E+01,1.142072E+02,1.124265E+06,1.331175E+06,4.810205E+00,1.080463E+01,9.745497E+04,1.261848E+05,1.414254E+00,5.098612E+00,5.300796E+04,5.967818E+04 
09:15:00,3.473165E+00,1.101462E+01,1.111045E+05,1.289787E+05,3.742313E+01,1.142491E+02,1.124264E+06,1.335955E+06,4.808028E+00,1.081669E+01,9.746437E+04,1.267513E+05,1.414254E+00,5.100399E+00,5.300796E+04,5.991370E+04 
09:20:00,3.473129E+00,1.100695E+01,1.111043E+05,1.293232E+05,3.742280E+01,1.142613E+02,1.124263E+06,1.340401E+06,4.805916E+00,1.082635E+01,9.747349E+04,1.272909E+05,1.414254E+00,5.102183E+00,5.300796E+04,6.014920E+04 
09:25:00,3.473094E+00,1.099644E+01,1.111041E+05,1.296358E+05,3.742247E+01,1.142436E+02,1.124261E+06,1.344511E+06,4.803867E+00,1.083363E+01,9.748235E+04,1.278036E+05,1.414254E+00,5.103965E+00,5.300796E+04,6.038466E+04 
09:30:00,3.473060E+00,1.098314E+01,1.111039E+05,1.299169E+05,3.742215E+01,1.141963E+02,1.124260E+06,1.348286E+06,4.801877E+00,1.083854E+01,9.749094E+04,1.282897E+05,1.414254E+00,5.105742E+00,5.300796E+04,6.062007E+04 
09:35:00,3.473027E+00,1.096789E+01,1.111037E+05,1.301762E+05,3.742184E+01,1.141284E+02,1.124258E+06,1.351831E+06,4.799944E+00,1.084199E+01,9.749929E+04,1.287593E+05,1.414254E+00,5.107511E+00,5.300796E+04,6.085540E+04 
09:40:00,3.472995E+00,1.095047E+01,1.111036E+05,1.304110E+05,3.742154E+01,1.140370E+02,1.124257E+06,1.355111E+06,4.798065E+00,1.084368E+01,9.750741E+04,1.292092E+05,1.414254E+00,5.109271E+00,5.300796E+04,6.109061E+04 
09:45:00,3.472964E+00,1.093096E+01,1.111034E+05,1.306223E+05,3.742125E+01,1.139229E+02,1.124256E+06,1.358136E+06,4.796237E+00,1.084368E+01,9.751530E+04,1.296400E+05,1.414254E+00,5.111019E+00,5.300796E+04,6.132570E+04 
09:50:00,3.472933E+00,1.090963E+01,1.111032E+05,1.308132E+05,3.742096E+01,1.137888E+02,1.124255E+06,1.360935E+06,4.794459E+00,1.084225E+01,9.752299E+04,1.300548E+05,1.414254E+00,5.112754E+00,5.300796E+04,6.156064E+04 
09:55:00,3.472904E+00,1.088686E+01,1.111030E+05,1.309878E+05,3.742068E+01,1.136381E+02,1.124253E+06,1.363547E+06,4.792727E+00,1.083969E+01,9.753047E+04,1.304568E+05,1.414254E+00,5.114472E+00,5.300796E+04,6.179539E+04 
10:00:00,3.472875E+00,1.086308E+01,1.111029E+05,1.311511E+05,3.742040E+01,1.134751E+02,1.124252E+06,1.366021E+06,4.791040E+00,1.083642E+01,9.753776E+04,1.308509E+05,1.414254E+00,5.116173E+00,5.300796E+04,6.202994E+04 
10:05:00,3.472847E+00,1.083864E+01,1.111027E+05,1.312562E+05,3.742013E+01,1.133028E+02,1.124251E+06,1.367884E+06,4.789396E+00,1.083276E+01,9.754486E+04,1.311898E+05,1.414254E+00,5.117853E+00,5.300796E+04,6.223893E+04 
10:10:00,3.472819E+00,1.081415E+01,1.111026E+05,1.313607E+05,3.741986E+01,1.131267E+02,1.124250E+06,1.369704E+06,4.787793E+00,1.082921E+01,9.755178E+04,1.315301E+05,1.414254E+00,5.119513E+00,5.300796E+04,6.244768E+04 
10:15:00,3.472791E+00,1.079022E+01,1.111024E+05,1.314716E+05,3.741960E+01,1.129525E+02,1.124249E+06,1.371546E+06,4.786229E+00,1.082635E+01,9.755854E+04,1.318780E+05,1.414254E+00,5.121148E+00,5.300796E+04,6.265616E+04 
10:20:00,3.472764E+00,1.076749E+01,1.111023E+05,1.315960E+05,3.741934E+01,1.127862E+02,1.124248E+06,1.373475E+06,4.784703E+00,1.082472E+01,9.756513E+04,1.322398E+05,1.414254E+00,5.122759E+00,5.300796E+04,6.286435E+04 
10:25:00,3.472738E+00,1.074658E+01,1.111021E+05,1.317408E+05,3.741908E+01,1.126333E+02,1.124247E+06,1.375556E+06,4.783213E+00,1.082486E+01,9.757157E+04,1.326216E+05,1.414254E+00,5.124342E+00,5.300796E+04,6.307225E+04 
10:30:00,3.472712E+00,1.072805E+01,1.111020E+05,1.319125E+05,3.741883E+01,1.124995E+02,1.124246E+06,1.377853E+06,4.781758E+00,1.082727E+01,9.757786E+04,1.330288E+05,1.414254E+00,5.125896E+00,5.300796E+04,6.327981E+04 
10:35:00,3.472686E+00,1.071256E+01,1.111018E+05,1.321183E+05,3.741857E+01,1.123910E+02,1.124244E+06,1.380433E+06,4.780336E+00,1.083254E+01,9.758400E+04,1.334682E+05,1.414254E+00,5.127421E+00,5.300796E+04,6.348704E+04 
10:40:00,3.472660E+00,1.070045E+01,1.111017E+05,1.323622E+05,3.741833E+01,1.123116E+02,1.124243E+06,1.383342E+06,4.778946E+00,1.084107E+01,9.759000E+04,1.339445E+05,1.414254E+00,5.128913E+00,5.300796E+04,6.369391E+04 
10:45:00,3.472635E+00,1.069201E+01,1.111015E+05,1.326474E+05,3.741808E+01,1.122646E+02,1.124242E+06,1.386614E+06,4.777588E+00,1.085319E+01,9.759587E+04,1.344609E+05,1.414254E+00,5.130374E+00,5.300796E+04,6.390043E+04 
10:50:00,3.472610E+00,1.068745E+01,1.111014E+05,1.329762E+05,3.741783E+01,1.122522E+02,1.124241E+06,1.390276E+06,4.776259E+00,1.086913E+01,9.760161E+04,1.350204E+05,1.414254E+00,5.131803E+00,5.300796E+04,6.410658E+04 
10:55:00,3.472585E+00,1.068687E+01,1.111012E+05,1.333499E+05,3.741759E+01,1.122758E+02,1.124240E+06,1.394343E+06,4.774959E+00,1.088904E+01,9.760723E+04,1.356246E+05,1.414254E+00,5.133198E+00,5.300796E+04,6.431236E+04 
11:00:00,3.472561E+00,1.069028E+01,1.111011E+05,1.337683E+05,3.741735E+01,1.123354E+02,1.124239E+06,1.398815E+06,4.773687E+00,1.091297E+01,9.761272E+04,1.362741E+05,1.414254E+00,5.134562E+00,5.300796E+04,6.451777E+04 
11:05:00,3.472536E+00,1.069710E+01,1.111010E+05,1.340985E+05,3.741711E+01,1.124256E+02,1.124238E+06,1.402364E+06,4.772441E+00,1.094040E+01,9.761810E+04,1.368362E+05,1.414254E+00,5.135892E+00,5.300796E+04,6.465947E+04 
11:10:00,3.472512E+00,1.070703E+01,1.111008E+05,1.344637E+05,3.741687E+01,1.125435E+02,1.124237E+06,1.406224E+06,4.771221E+00,1.097101E+01,9.762337E+04,1.374340E+05,1.414254E+00,5.137191E+00,5.300796E+04,6.480080E+04 
11:15:00,3.472488E+00,1.071958E+01,1.111007E+05,1.348583E+05,3.741663E+01,1.126843E+02,1.124236E+06,1.410343E+06,4.770027E+00,1.100433E+01,9.762853E+04,1.380624E+05,1.414254E+00,5.138459E+00,5.300796E+04,6.494179E+04 
11:20:00,3.472464E+00,1.073406E+01,1.111006E+05,1.352747E+05,3.741639E+01,1.128417E+02,1.124235E+06,1.414649E+06,4.768856E+00,1.103975E+01,9.763359E+04,1.387144E+05,1.414254E+00,5.139697E+00,5.300796E+04,6.508243E+04 
11:25:00,3.472440E+00,1.074966E+01,1.111004E+05,1.357036E+05,3.741616E+01,1.130081E+02,1.124234E+06,1.419056E+06,4.767709E+00,1.107651E+01,9.763854E+04,1.393815E+05,1.414254E+00,5.140906E+00,5.300796E+04,6.522276E+04 
11:30:00,3.472417E+00,1.076542E+01,1.111003E+05,1.361344E+05,3.741592E+01,1.131747E+02,1.124233E+06,1.423465E+06,4.766585E+00,1.111376E+01,9.764340E+04,1.400541E+05,1.414254E+00,5.142089E+00,5.300796E+04,6.536278E+04 
11:35:00,3.472393E+00,1.078084E+01,1.111002E+05,1.365613E+05,3.741569E+01,1.133373E+02,1.124232E+06,1.427829E+06,4.765483E+00,1.115109E+01,9.764816E+04,1.407275E+05,1.414254E+00,5.143245E+00,5.300796E+04,6.550251E+04 
11:40:00,3.472370E+00,1.079509E+01,1.111000E+05,1.369751E+05,3.741546E+01,1.134886E+02,1.124231E+06,1.432066E+06,4.764402E+00,1.118776E+01,9.765283E+04,1.413936E+05,1.414254E+00,5.144379E+00,5.300796E+04,6.564198E+04 
11:45:00,3.472347E+00,1.080753E+01,1.110999E+05,1.373686E+05,3.741523E+01,1.136229E+02,1.124230E+06,1.436112E+06,4.763341E+00,1.122323E+01,9.765741E+04,1.420462E+05,1.414254E+00,5.145490E+00,5.300796E+04,6.578121E+04 
11:50:00,3.472323E+00,1.081794E+01,1.110998E+05,1.377392E+05,3.741499E+01,1.137381E+02,1.124229E+06,1.439942E+06,4.762301E+00,1.125727E+01,9.766190E+04,1.426826E+05,1.414254E+00,5.146581E+00,5.300796E+04,6.592021E+04 
11:55:00,3.472301E+00,1.082663E+01,1.110996E+05,1.380904E+05,3.741477E+01,1.138371E+02,1.124228E+06,1.443590E+06,4.761292E+00,1.129015E+01,9.766626E+04,1.433060E+05,1.414254E+00,5.147654E+00,5.300796E+04,6.605900E+04 
12:00:00,3.472278E+00,1.083475E+01,1.110995E+05,1.384352E+05,3.741454E+01,1.139307E+02,1.124227E+06,1.447178E+06,4.760312E+00,1.132288E+01,9.767050E+04,1.439278E+05,1.414254E+00,5.148710E+00,5.300796E+04,6.619760E+04 
12:05:00,3.472256E+00,1.084320E+01,1.110994E+05,1.387331E+05,3.741432E+01,1.140272E+02,1.124226E+06,1.450292E+06,4.759357E+00,1.135627E+01,9.767462E+04,1.445063E+05,1.414254E+00,5.149751E+00,5.300796E+04,6.631068E+04 
12:10:00,3.472235E+00,1.085260E+01,1.110993E+05,1.390416E+05,3.741410E+01,1.141323E+02,1.124225E+06,1.453501E+06,4.758424E+00,1.139094E+01,9.767865E+04,1.450991E+05,1.414254E+00,5.150778E+00,5.300796E+04,6.642361E+04 
12:15:00,3.472213E+00,1.086318E+01,1.110991E+05,1.393634E+05,3.741389E+01,1.142484E+02,1.124224E+06,1.456835E+06,4.757513E+00,1.142696E+01,9.768259E+04,1.457073E+05,1.414254E+00,5.151792E+00,5.300796E+04,6.653640E+04 
12:20:00,3.472191E+00,1.087479E+01,1.110990E+05,1.396967E+05,3.741367E+01,1.143743E+02,1.124224E+06,1.460280E+06,4.756622E+00,1.146425E+01,9.768644E+04,1.463297E+05,1.414254E+00,5.152794E+00,5.300796E+04,6.664905E+04 
12:25:00,3.472170E+00,1.088681E+01,1.110989E+05,1.400347E+05,3.741345E+01,1.145047E+02,1.124223E+06,1.463774E+06,4.755739E+00,1.150230E+01,9.769026E+04,1.469605E+05,1.414254E+00,5.153787E+00,5.300796E+04,6.676159E+04 
12:30:00,3.472148E+00,1.089795E+01,1.110988E+05,1.403629E+05,3.741323E+01,1.146278E+02,1.124222E+06,1.467187E+06,4.754864E+00,1.153996E+01,9.769403E+04,1.475871E+05,1.414254E+00,5.154770E+00,5.300796E+04,6.687403E+04 
12:35:00,3.472126E+00,1.090738E+01,1.110987E+05,1.406717E+05,3.741301E+01,1.147357E+02,1.124221E+06,1.470429E+06,4.754001E+00,1.157647E+01,9.769776E+04,1.482006E+05,1.414254E+00,5.155746E+00,5.300796E+04,6.698639E+04 
12:40:00,3.472104E+00,1.091468E+01,1.110985E+05,1.409566E+05,3.741279E+01,1.148254E+02,1.124220E+06,1.473466E+06,4.753150E+00,1.161142E+01,9.770144E+04,1.487966E+05,1.414254E+00,5.156715E+00,5.300796E+04,6.709867E+04 
12:45:00,3.472082E+00,1.091995E+01,1.110984E+05,1.412187E+05,3.741257E+01,1.148978E+02,1.124219E+06,1.476308E+06,4.752312E+00,1.164501E+01,9.770506E+04,1.493774E+05,1.414254E+00,5.157680E+00,5.300796E+04,6.721090E+04 
12:50:00,3.472060E+00,1.092364E+01,1.110983E+05,1.414630E+05,3.741234E+01,1.149566E+02,1.124218E+06,1.478997E+06,4.751486E+00,1.167758E+01,9.770862E+04,1.499467E+05,1.414254E+00,5.158642E+00,5.300796E+04,6.732310E+04 
12:55:00,3.472038E+00,1.092643E+01,1.110982E+05,1.416971E+05,3.741212E+01,1.150080E+02,1.124217E+06,1.481603E+06,4.750674E+00,1.170970E+01,9.771213E+04,1.505108E+05,1.414254E+00,5.159601E+00,5.300796E+04,6.743527E+04 
13:00:00,3.472016E+00,1.092912E+01,1.110980E+05,1.419301E+05,3.741190E+01,1.150593E+02,1.124216E+06,1.484208E+06,4.749874E+00,1.174203E+01,9.771559E+04,1.510774E+05,1.414254E+00,5.160559E+00,5.300796E+04,6.754743E+04 
13:05:00,3.471994E+00,1.093230E+01,1.110979E+05,1.420926E+05,3.741168E+01,1.151161E+02,1.124215E+06,1.486115E+06,4.749086E+00,1.177512E+01,9.771899E+04,1.515765E+05,1.414254E+00,5.161517E+00,5.300796E+04,6.762157E+04 
13:10:00,3.471972E+00,1.093679E+01,1.110978E+05,1.422698E+05,3.741146E+01,1.151851E+02,1.124214E+06,1.488158E+06,4.748311E+00,1.180966E+01,9.772234E+04,1.520919E+05,1.414254E+00,5.162477E+00,5.300796E+04,6.769572E+04 
13:15:00,3.471950E+00,1.094330E+01,1.110977E+05,1.424699E+05,3.741124E+01,1.152728E+02,1.124213E+06,1.490412E+06,4.747548E+00,1.184624E+01,9.772564E+04,1.526302E+05,1.414254E+00,5.163439E+00,5.300796E+04,6.776991E+04 
13:20:00,3.471928E+00,1.095246E+01,1.110975E+05,1.426996E+05,3.741101E+01,1.153850E+02,1.124212E+06,1.492941E+06,4.746796E+00,1.188536E+01,9.772888E+04,1.531971E+05,1.414254E+00,5.164404E+00,5.300796E+04,6.784412E+04 
13:25:00,3.471907E+00,1.096475E+01,1.110974E+05,1.429646E+05,3.741079E+01,1.155263E+02,1.124211E+06,1.495798E+06,4.746057E+00,1.192746E+01,9.773208E+04,1.537976E+05,1.414254E+00,5.165372E+00,5.300796E+04,6.791838E+04 
13:30:00,3.471885E+00,1.098056E+01,1.110973E+05,1.432693E+05,3.741057E+01,1.157004E+02,1.124210E+06,1.499025E+06,4.745329E+00,1.197288E+01,9.773522E+04,1.544354E+05,1.414254E+00,5.166347E+00,5.300796E+04,6.799271E+04 
13:35:00,3.471863E+00,1.100043E+01,1.110972E+05,1.436195E+05,3.741035E+01,1.159121E+02,1.124209E+06,1.502674E+06,4.744612E+00,1.202206E+01,9.773832E+04,1.551155E+05,1.414254E+00,5.167328E+00,5.300796E+04,6.806710E+04 
13:40:00,3.471841E+00,1.102454E+01,1.110971E+05,1.440175E+05,3.741013E+01,1.161635E+02,1.124209E+06,1.506770E+06,4.743907E+00,1.207511E+01,9.774137E+04,1.558391E+05,1.414254E+00,5.168316E+00,5.300796E+04,6.814158E+04 
13:45:00,3.471819E+00,1.105293E+01,1.110969E+05,1.444637E+05,3.740991E+01,1.164550E+02,1.124208E+06,1.511317E+06,4.743212E+00,1.213206E+01,9.774437E+04,1.566067E+05,1.414254E+00,5.169314E+00,5.300796E+04,6.821617E+04 
13:50:00,3.471798E+00,1.108556E+01,1.110968E+05,1.449575E+05,3.740969E+01,1.167858E+02,1.124207E+06,1.516307E+06,4.742529E+00,1.219288E+01,9.774732E+04,1.574178E+05,1.414254E+00,5.170323E+00,5.300796E+04,6.829088E+04 
13:55:00,3.471776E+00,1.112223E+01,1.110967E+05,1.454969E+05,3.740947E+01,1.171540E+02,1.124206E+06,1.521717E+06,4.741855E+00,1.225733E+01,9.775023E+04,1.582698E+05,1.414254E+00,5.171344E+00,5.300796E+04,6.836574E+04 
14:00:00,3.471754E+00,1.116264E+01,1.110966E+05,1.460782E+05,3.740925E+01,1.175566E+02,1.124205E+06,1.527514E+06,4.741192E+00,1.232515E+01,9.775309E+04,1.591595E+05,1.414254E+00,5.172380E+00,5.300796E+04,6.844075E+04 
14:05:00,3.471733E+00,1.120592E+01,1.110964E+05,1.465652E+05,3.740903E+01,1.179854E+02,1.124204E+06,1.532339E+06,4.740540E+00,1.239545E+01,9.775591E+04,1.599506E+05,1.414254E+00,5.173431E+00,5.300796E+04,6.845258E+04 
14:10:00,3.471711E+00,1.125153E+01,1.110963E+05,1.470785E+05,3.740881E+01,1.184348E+02,1.124203E+06,1.537396E+06,4.739897E+00,1.246772E+01,9.775869E+04,1.607638E+05,1.414254E+00,5.174500E+00,5.300796E+04,6.846461E+04 
14:15:00,3.471690E+00,1.129885E+01,1.110962E+05,1.476109E+05,3.740859E+01,1.188997E+02,1.124202E+06,1.542627E+06,4.739264E+00,1.254143E+01,9.776142E+04,1.615933E+05,1.414254E+00,5.175588E+00,5.300796E+04,6.847686E+04 
14:20:00,3.471668E+00,1.134724E+01,1.110961E+05,1.481555E+05,3.740838E+01,1.193744E+02,1.124201E+06,1.547968E+06,4.738641E+00,1.261601E+01,9.776411E+04,1.624325E+05,1.414254E+00,5.176696E+00,5.300796E+04,6.848932E+04 
14:25:00,3.471647E+00,1.139608E+01,1.110960E+05,1.487050E+05,3.740816E+01,1.198534E+02,1.124200E+06,1.553358E+06,4.738027E+00,1.269092E+01,9.776677E+04,1.632754E+05,1.414254E+00,5.177825E+00,5.300796E+04,6.850203E+04 
14:30:00,3.471625E+00,1.144476E+01,1.110958E+05,1.492528E+05,3.740794E+01,1.203313E+02,1.124199E+06,1.558736E+06,4.737423E+00,1.276560E+01,9.776938E+04,1.641158E+05,1.414254E+00,5.178976E+00,5.300796E+04,6.851498E+04 
14:35:00,3.471604E+00,1.149317E+01,1.110957E+05,1.497975E+05,3.740772E+01,1.208078E+02,1.124198E+06,1.564098E+06,4.736828E+00,1.284005E+01,9.777195E+04,1.649535E+05,1.414254E+00,5.180150E+00,5.300796E+04,6.852819E+04 
14:40:00,3.471582E+00,1.154083E+01,1.110956E+05,1.503338E+05,3.740750E+01,1.212791E+02,1.124197E+06,1.569401E+06,4.736242E+00,1.291386E+01,9.777448E+04,1.657841E+05,1.414254E+00,5.181347E+00,5.300796E+04,6.854166E+04 
14:45:00,3.471561E+00,1.158739E+01,1.110955E+05,1.508577E+05,3.740728E+01,1.217415E+02,1.124196E+06,1.574605E+06,4.735664E+00,1.298668E+01,9.777697E+04,1.666035E+05,1.414254E+00,5.182566E+00,5.300796E+04,6.855539E+04 
14:50:00,3.471539E+00,1.163304E+01,1.110954E+05,1.513715E+05,3.740707E+01,1.221970E+02,1.124195E+06,1.579730E+06,4.735096E+00,1.305866E+01,9.777943E+04,1.674135E+05,1.414254E+00,5.183809E+00,5.300796E+04,6.856937E+04 
14:55:00,3.471518E+00,1.167722E+01,1.110952E+05,1.518686E+05,3.740685E+01,1.226401E+02,1.124195E+06,1.584717E+06,4.734535E+00,1.312928E+01,9.778185E+04,1.682082E+05,1.414254E+00,5.185075E+00,5.300796E+04,6.858362E+04 
15:00:00,3.471497E+00,1.171957E+01,1.110951E+05,1.523452E+05,3.740663E+01,1.230675E+02,1.124194E+06,1.589526E+06,4.733984E+00,1.319817E+01,9.778423E+04,1.689834E+05,1.414254E+00,5.186363E+00,5.300796E+04,6.859811E+04 
15:05:00,3.471476E+00,1.175935E+01,1.110950E+05,1.526408E+05,3.740641E+01,1.234711E+02,1.124193E+06,1.592547E+06,4.733440E+00,1.326450E+01,9.778658E+04,1.695778E+05,1.414254E+00,5.187673E+00,5.300796E+04,6.853682E+04 
15:10:00,3.471454E+00,1.179643E+01,1.110949E+05,1.529060E+05,3.740620E+01,1.238495E+02,1.124192E+06,1.595285E+06,4.732905E+00,1.332813E+01,9.778890E+04,1.701418E+05,1.414254E+00,5.189003E+00,5.300796E+04,6.847576E+04 
15:15:00,3.471433E+00,1.183068E+01,1.110948E+05,1.531393E+05,3.740598E+01,1.242015E+02,1.124191E+06,1.597725E+06,4.732377E+00,1.338884E+01,9.779117E+04,1.706729E+05,1.414254E+00,5.190352E+00,5.300796E+04,6.841491E+04 
15:20:00,3.471412E+00,1.186148E+01,1.110946E+05,1.533339E+05,3.740576E+01,1.245212E+02,1.124190E+06,1.599802E+06,4.731858E+00,1.344606E+01,9.779342E+04,1.711647E+05,1.414254E+00,5.191720E+00,5.300796E+04,6.835427E+04 
15:25:00,3.471391E+00,1.188910E+01,1.110945E+05,1.534926E+05,3.740555E+01,1.248107E+02,1.124189E+06,1.601539E+06,4.731346E+00,1.349998E+01,9.779563E+04,1.716194E+05,1.414254E+00,5.193105E+00,5.300796E+04,6.829383E+04 
15:30:00,3.471370E+00,1.191361E+01,1.110944E+05,1.536164E+05,3.740533E+01,1.250708E+02,1.124188E+06,1.602945E+06,4.730841E+00,1.355066E+01,9.779781E+04,1.720377E+05,1.414254E+00,5.194506E+00,5.300796E+04,6.823356E+04 
15:35:00,3.471349E+00,1.193553E+01,1.110943E+05,1.537110E+05,3.740511E+01,1.253069E+02,1.124187E+06,1.604082E+06,4.730344E+00,1.359865E+01,9.779996E+04,1.724257E+05,1.414254E+00,5.195921E+00,5.300796E+04,6.817345E+04 
15:40:00,3.471327E+00,1.195489E+01,1.110942E+05,1.537768E+05,3.740490E+01,1.255194E+02,1.124186E+06,1.604953E+06,4.729855E+00,1.364395E+01,9.780207E+04,1.727834E+05,1.414254E+00,5.197348E+00,5.300796E+04,6.811349E+04 
15:45:00,3.471306E+00,1.197168E+01,1.110940E+05,1.538137E+05,3.740468E+01,1.257078E+02,1.124185E+06,1.605552E+06,4.729372E+00,1.368658E+01,9.780416E+04,1.731110E+05,1.414254E+00,5.198788E+00,5.300796E+04,6.805366E+04 
15:50:00,3.471285E+00,1.198590E+01,1.110939E+05,1.538217E+05,3.740446E+01,1.258721E+02,1.124184E+06,1.605880E+06,4.728897E+00,1.372649E+01,9.780621E+04,1.734080E+05,1.414254E+00,5.200237E+00,5.300796E+04,6.799394E+04 
15:55:00,3.471264E+00,1.199758E+01,1.110938E+05,1.538010E+05,3.740425E+01,1.260124E+02,1.124183E+06,1.605938E+06,4.728428E+00,1.376365E+01,9.780823E+04,1.736742E+05,1.414254E+00,5.201694E+00,5.300796E+04,6.793431E+04 
16:00:00,3.471243E+00,1.200678E+01,1.110937E+05,1.537525E+05,3.740403E+01,1.261291E+02,1.124183E+06,1.605732E+06,4.727967E+00,1.379811E+01,9.781023E+04,1.739098E+05,1.414254E+00,5.203158E+00,5.300796E+04,6.787475E+04 
16:05:00,3.471222E+00,1.201349E+01,1.110936E+05,1.536253E+05,3.740382E+01,1.262219E+02,1.124182E+06,1.604749E+06,4.727512E+00,1.382977E+01,9.781219E+04,1.740635E+05,1.414254E+00,5.204625E+00,5.300796E+04,6.778989E+04 
16:10:00,3.471202E+00,1.201787E+01,1.110935E+05,1.534718E+05,3.740360E+01,1.262917E+02,1.124181E+06,1.603507E+06,4.727063E+00,1.385872E+01,9.781413E+04,1.741865E+05,1.414254E+00,5.206096E+00,5.300796E+04,6.770507E+04 
16:15:00,3.471181E+00,1.202024E+01,1.110933E+05,1.532958E+05,3.740339E+01,1.263415E+02,1.124180E+06,1.602040E+06,4.726622E+00,1.388524E+01,9.781604E+04,1.742821E+05,1.414254E+00,5.207567E+00,5.300796E+04,6.762025E+04 
16:20:00,3.471160E+00,1.202030E+01,1.110932E+05,1.530937E+05,3.740317E+01,1.263677E+02,1.124179E+06,1.600307E+06,4.726186E+00,1.390890E+01,9.781792E+04,1.743457E+05,1.414254E+00,5.209038E+00,5.300796E+04,6.753543E+04 
16:25:00,3.471139E+00,1.201928E+01,1.110931E+05,1.528795E+05,3.740296E+01,1.263818E+02,1.124178E+06,1.598438E+06,4.725757E+00,1.393085E+01,9.781977E+04,1.743900E+05,1.414254E+00,5.210507E+00,5.300796E+04,6.745059E+04 
16:30:00,3.471118E+00,1.201772E+01,1.110930E+05,1.526592E+05,3.740274E+01,1.263883E+02,1.124177E+06,1.596484E+06,4.725334E+00,1.395160E+01,9.782160E+04,1.744207E+05,1.414254E+00,5.211972E+00,5.300796E+04,6.736570E+04 
16:35:00,3.471097E+00,1.201569E+01,1.110929E+05,1.524336E+05,3.740253E+01,1.263887E+02,1.124176E+06,1.594462E+06,4.724917E+00,1.397119E+01,9.782340E+04,1.744384E+05,1.414254E+00,5.213431E+00,5.300796E+04,6.728074E+04 
16:40:00,3.471077E+00,1.201156E+01,1.110927E+05,1.521844E+05,3.740232E+01,1.263665E+02,1.124175E+06,1.592184E+06,4.724519E+00,1.398795E+01,9.782512E+04,1.744243E+05,1.414254E+00,5.214883E+00,5.300796E+04,6.719571E+04 
16:45:00,3.471057E+00,1.200527E+01,1.110926E+05,1.519109E+05,3.740211E+01,1.263208E+02,1.124174E+06,1.589643E+06,4.724125E+00,1.400186E+01,9.782682E+04,1.743781E+05,1.414254E+00,5.216326E+00,5.300796E+04,6.711058E+04 
16:50:00,3.471038E+00,1.199769E+01,1.110925E+05,1.516229E+05,3.740191E+01,1.262607E+02,1.124174E+06,1.586939E+06,4.723745E+00,1.401383E+01,9.782846E+04,1.743100E+05,1.414254E+00,5.217759E+00,5.300796E+04,6.702533E+04 
16:55:00,3.471019E+00,1.198787E+01,1.110924E+05,1.513097E+05,3.740171E+01,1.261774E+02,1.124173E+06,1.583975E+06,4.723368E+00,1.402297E+01,9.783009E+04,1.742102E+05,1.414254E+00,5.219178E+00,5.300796E+04,6.693993E+04 
17:00:00,3.471000E+00,1.197541E+01,1.110923E+05,1.509667E+05,3.740151E+01,1.260677E+02,1.124172E+06,1.580712E+06,4.723004E+00,1.402890E+01,9.783166E+04,1.740742E+05,1.414254E+00,5.220581E+00,5.300796E+04,6.685434E+04 
17:05:00,3.470982E+00,1.196022E+01,1.110922E+05,1.505423E+05,3.740133E+01,1.259294E+02,1.124171E+06,1.576622E+06,4.722656E+00,1.403151E+01,9.783317E+04,1.738501E+05,1.414254E+00,5.221963E+00,5.300796E+04,6.674317E+04 
17:10:00,3.470964E+00,1.194374E+01,1.110921E+05,1.501034E+05,3.740114E+01,1.257774E+02,1.124170E+06,1.572377E+06,4.722307E+00,1.403222E+01,9.783467E+04,1.736047E+05,1.414254E+00,5.223319E+00,5.300796E+04,6.663172E+04 
17:15:00,3.470946E+00,1.192568E+01,1.110920E+05,1.496468E+05,3.740095E+01,1.256087E+02,1.124169E+06,1.567944E+06,4.721972E+00,1.403071E+01,9.783612E+04,1.733343E+05,1.414254E+00,5.224644E+00,5.300796E+04,6.651991E+04 
17:20:00,3.470929E+00,1.190542E+01,1.110919E+05,1.491654E+05,3.740076E+01,1.254167E+02,1.124169E+06,1.563249E+06,4.721637E+00,1.402631E+01,9.783757E+04,1.730314E+05,1.414254E+00,5.225932E+00,5.300796E+04,6.640769E+04 
17:25:00,3.470912E+00,1.188258E+01,1.110918E+05,1.486549E+05,3.740058E+01,1.251969E+02,1.124168E+06,1.558243E+06,4.721315E+00,1.401855E+01,9.783896E+04,1.726905E+05,1.414254E+00,5.227178E+00,5.300796E+04,6.629499E+04 
17:30:00,3.470894E+00,1.185685E+01,1.110917E+05,1.481120E+05,3.740040E+01,1.249462E+02,1.124167E+06,1.552887E+06,4.720994E+00,1.400706E+01,9.784035E+04,1.723079E+05,1.414254E+00,5.228376E+00,5.300796E+04,6.618176E+04 
17:35:00,3.470876E+00,1.182822E+01,1.110916E+05,1.475364E+05,3.740021E+01,1.246639E+02,1.124166E+06,1.547176E+06,4.720671E+00,1.399179E+01,9.784174E+04,1.718826E+05,1.414254E+00,5.229524E+00,5.300796E+04,6.606796E+04 
17:40:00,3.470858E+00,1.179656E+01,1.110915E+05,1.469267E+05,3.740002E+01,1.243487E+02,1.124165E+06,1.541095E+06,4.720349E+00,1.397258E+01,9.784313E+04,1.714130E+05,1.414254E+00,5.230616E+00,5.300796E+04,6.595354E+04 
17:45:00,3.470840E+00,1.176175E+01,1.110914E+05,1.462816E+05,3.739982E+01,1.239992E+02,1.124165E+06,1.534628E+06,4.720029E+00,1.394929E+01,9.784451E+04,1.708976E+05,1.414254E+00,5.231652E+00,5.300796E+04,6.583847E+04 
17:50:00,3.470821E+00,1.172384E+01,1.110913E+05,1.456016E+05,3.739962E+01,1.236155E+02,1.124164E+06,1.527776E+06,4.719712E+00,1.392190E+01,9.784589E+04,1.703359E+05,1.414254E+00,5.232627E+00,5.300796E+04,6.572273E+04 
17:55:00,3.470802E+00,1.168258E+01,1.110912E+05,1.448839E+05,3.739943E+01,1.231954E+02,1.124163E+06,1.520514E+06,4.719397E+00,1.389017E+01,9.784725E+04,1.697255E+05,1.414254E+00,5.233542E+00,5.300796E+04,6.560631E+04 
18:00:00,3.470783E+00,1.163780E+01,1.110911E+05,1.441266E+05,3.739923E+01,1.227369E+02,1.124162E+06,1.512821E+06,4.719084E+00,1.385390E+01,9.784860E+04,1.690640E+05,1.414254E+00,5.234393E+00,5.300796E+04,6.548917E+04 
18:05:00,3.535736E+00,1.158883E+01,1.114456E+05,1.431954E+05,3.805106E+01,1.222333E+02,1.126842E+06,1.503353E+06,4.784254E+00,1.381239E+01,9.756704E+04,1.682167E+05,1.414254E+00,5.235181E+00,5.300796E+04,6.530796E+04 
18:10:00,3.600729E+00,1.153533E+01,1.117773E+05,1.422133E+05,3.870338E+01,1.216812E+02,1.129339E+06,1.493339E+06,4.850290E+00,1.376528E+01,9.728179E+04,1.673064E+05,1.414254E+00,5.235904E+00,5.300796E+04,6.512602E+04 
18:15:00,3.665811E+00,1.147719E+01,1.120878E+05,1.411788E+05,3.935665E+01,1.210803E+02,1.131663E+06,1.482775E+06,4.918687E+00,1.371248E+01,9.698645E+04,1.663322E+05,1.414254E+00,5.236561E+00,5.300796E+04,6.494334E+04 
18:20:00,3.730842E+00,1.141358E+01,1.123774E+05,1.400830E+05,4.000928E+01,1.204220E+02,1.133817E+06,1.471567E+06,4.989793E+00,1.365316E+01,9.667944E+04,1.652846E+05,1.414254E+00,5.237153E+00,5.300796E+04,6.475993E+04 
18:25:00,3.796034E+00,1.134370E+01,1.126482E+05,1.389165E+05,4.066325E+01,1.196986E+02,1.135817E+06,1.459626E+06,5.063611E+00,1.358650E+01,9.636105E+04,1.641543E+05,1.414254E+00,5.237678E+00,5.300796E+04,6.457577E+04 
18:30:00,3.861355E+00,1.126434E+01,1.129009E+05,1.376434E+05,4.131829E+01,1.188790E+02,1.137667E+06,1.446602E+06,5.139771E+00,1.350936E+01,9.603270E+04,1.629062E+05,1.414254E+00,5.238138E+00,5.300796E+04,6.439086E+04 
18:35:00,3.861815E+00,1.117704E+01,1.129028E+05,1.362808E+05,4.132223E+01,1.179777E+02,1.137681E+06,1.432658E+06,5.152457E+00,1.342319E+01,9.597864E+04,1.615564E+05,1.414254E+00,5.238531E+00,5.300796E+04,6.420522E+04 
18:40:00,3.862333E+00,1.108193E+01,1.129050E+05,1.348306E+05,4.132653E+01,1.169968E+02,1.137696E+06,1.417819E+06,5.166028E+00,1.332819E+01,9.592078E+04,1.601072E+05,1.414254E+00,5.238859E+00,5.300796E+04,6.401883E+04 
18:45:00,3.862846E+00,1.097862E+01,1.129071E+05,1.332879E+05,4.133063E+01,1.159322E+02,1.137710E+06,1.402038E+06,5.178788E+00,1.322391E+01,9.586636E+04,1.585537E+05,1.414254E+00,5.239120E+00,5.300796E+04,6.383170E+04 
18:50:00,3.863483E+00,1.086693E+01,1.129097E+05,1.316510E+05,4.133604E+01,1.147821E+02,1.137728E+06,1.385296E+06,5.190223E+00,1.311016E+01,9.581769E+04,1.568936E+05,1.414254E+00,5.239315E+00,5.300796E+04,6.364381E+04 
18:55:00,3.864023E+00,1.074869E+01,1.129118E+05,1.299403E+05,4.134071E+01,1.135642E+02,1.137742E+06,1.367790E+06,5.200216E+00,1.298866E+01,9.577493E+04,1.551463E+05,1.414254E+00,5.239441E+00,5.300796E+04,6.345516E+04 
19:00:00,3.864491E+00,1.062991E+01,1.129137E+05,1.282237E+05,4.134486E+01,1.123366E+02,1.137755E+06,1.350175E+06,5.209039E+00,1.286521E+01,9.573713E+04,1.533770E+05,1.414254E+00,5.239498E+00,5.300796E+04,6.326572E+04 
19:05:00,3.864899E+00,1.051419E+01,1.129153E+05,1.266428E+05,4.134858E+01,1.111358E+02,1.137766E+06,1.333875E+06,5.216950E+00,1.274348E+01,9.570320E+04,1.517285E+05,1.414254E+00,5.239485E+00,5.300796E+04,6.312618E+04 
19:10:00,3.865257E+00,1.040572E+01,1.129167E+05,1.251433E+05,4.135191E+01,1.100030E+02,1.137776E+06,1.318340E+06,5.224136E+00,1.262766E+01,9.567236E+04,1.501464E+05,1.414254E+00,5.239399E+00,5.300796E+04,6.298582E+04 
19:15:00,3.865575E+00,1.030757E+01,1.129179E+05,1.237602E+05,4.135492E+01,1.089685E+02,1.137785E+06,1.303912E+06,5.230734E+00,1.252082E+01,9.564401E+04,1.486655E+05,1.414254E+00,5.239240E+00,5.300796E+04,6.284465E+04 
19:20:00,3.865859E+00,1.022254E+01,1.129190E+05,1.225246E+05,4.135766E+01,1.080608E+02,1.137793E+06,1.290910E+06,5.236857E+00,1.242594E+01,9.561768E+04,1.473191E+05,1.414254E+00,5.239008E+00,5.300796E+04,6.270266E+04 
19:25:00,3.866116E+00,1.015135E+01,1.129200E+05,1.214447E+05,4.136018E+01,1.072877E+02,1.137800E+06,1.279423E+06,5.242572E+00,1.234386E+01,9.559310E+04,1.461166E+05,1.414254E+00,5.238706E+00,5.300796E+04,6.255986E+04 
19:30:00,3.866350E+00,1.009271E+01,1.129209E+05,1.205061E+05,4.136250E+01,1.066377E+02,1.137807E+06,1.269320E+06,5.247928E+00,1.227348E+01,9.557004E+04,1.450459E+05,1.414254E+00,5.238334E+00,5.300796E+04,6.241629E+04 
19:35:00,3.866566E+00,1.004336E+01,1.129218E+05,1.196719E+05,4.136466E+01,1.060788E+02,1.137813E+06,1.260244E+06,5.252965E+00,1.221164E+01,9.554835E+04,1.440712E+05,1.414254E+00,5.237896E+00,5.300796E+04,6.227198E+04 
19:40:00,3.866766E+00,1.000041E+01,1.129225E+05,1.189098E+05,4.136668E+01,1.055827E+02,1.137819E+06,1.251873E+06,5.257717E+00,1.215550E+01,9.552788E+04,1.431607E+05,1.414254E+00,5.237398E+00,5.300796E+04,6.212697E+04 
19:45:00,3.866952E+00,9.962340E+00,1.129233E+05,1.182026E+05,4.136858E+01,1.051346E+02,1.137824E+06,1.244042E+06,5.262210E+00,1.210357E+01,9.550851E+04,1.422975E+05,1.414254E+00,5.236842E+00,5.300796E+04,6.198133E+04 
19:50:00,3.867127E+00,9.928193E+00,1.129239E+05,1.175396E+05,4.137038E+01,1.047250E+02,1.137830E+06,1.236645E+06,5.266468E+00,1.205488E+01,9.549015E+04,1.414708E+05,1.414254E+00,5.236235E+00,5.300796E+04,6.183511E+04 
19:55:00,3.867291E+00,9.897312E+00,1.129246E+05,1.169133E+05,4.137209E+01,1.043477E+02,1.137834E+06,1.229612E+06,5.270510E+00,1.200882E+01,9.547272E+04,1.406737E+05,1.414254E+00,5.235581E+00,5.300796E+04,6.168837E+04 
20:00:00,3.867447E+00,9.869157E+00,1.129252E+05,1.163177E+05,4.137372E+01,1.039977E+02,1.137839E+06,1.222885E+06,5.274355E+00,1.196489E+01,9.545614E+04,1.399006E+05,1.414254E+00,5.234886E+00,5.300796E+04,6.154116E+04 
20:05:00,3.867595E+00,9.843445E+00,1.129257E+05,1.158002E+05,4.137529E+01,1.036723E+02,1.137843E+06,1.216943E+06,5.278018E+00,1.192285E+01,9.544034E+04,1.391994E+05,1.414254E+00,5.234153E+00,5.300796E+04,6.141887E+04 
20:10:00,3.867735E+00,9.819821E+00,1.129262E+05,1.153063E+05,4.137679E+01,1.033684E+02,1.137847E+06,1.211241E+06,5.281498E+00,1.188238E+01,9.542532E+04,1.385159E+05,1.414254E+00,5.233388E+00,5.300796E+04,6.129621E+04 
20:15:00,3.867870E+00,9.798003E+00,1.129268E+05,1.148327E+05,4.137823E+01,1.030831E+02,1.137851E+06,1.205751E+06,5.284810E+00,1.184323E+01,9.541103E+04,1.378473E+05,1.414254E+00,5.232593E+00,5.300796E+04,6.117322E+04 
20:20:00,3.867998E+00,9.777745E+00,1.129272E+05,1.143766E+05,4.137963E+01,1.028143E+02,1.137855E+06,1.200445E+06,5.287971E+00,1.180518E+01,9.539739E+04,1.371911E+05,1.414254E+00,5.231772E+00,5.300796E+04,6.104993E+04 
20:25:00,3.868122E+00,9.758855E+00,1.129277E+05,1.139359E+05,4.138098E+01,1.025601E+02,1.137859E+06,1.195303E+06,5.290992E+00,1.176807E+01,9.538435E+04,1.365453E+05,1.414254E+00,5.230928E+00,5.300796E+04,6.092639E+04 
20:30:00,3.868241E+00,9.741162E+00,1.129282E+05,1.135087E+05,4.138229E+01,1.023188E+02,1.137863E+06,1.190307E+06,5.293883E+00,1.173174E+01,9.537187E+04,1.359085E+05,1.414254E+00,5.230063E+00,5.300796E+04,6.080262E+04 
20:35:00,3.868356E+00,9.724379E+00,1.129286E+05,1.130918E+05,4.138358E+01,1.020876E+02,1.137866E+06,1.185424E+06,5.296653E+00,1.169593E+01,9.535992E+04,1.352773E+05,1.414254E+00,5.229181E+00,5.300796E+04,6.067864E+04 
20:40:00,3.868468E+00,9.708374E+00,1.129290E+05,1.126836E+05,4.138483E+01,1.018651E+02,1.137870E+06,1.180639E+06,5.299325E+00,1.166051E+01,9.534838E+04,1.346507E+05,1.414254E+00,5.228282E+00,5.300796E+04,6.055448E+04 
20:45:00,3.868578E+00,9.693045E+00,1.129294E+05,1.122830E+05,4.138607E+01,1.016503E+02,1.137873E+06,1.175942E+06,5.301903E+00,1.162541E+01,9.533725E+04,1.340276E+05,1.414254E+00,5.227369E+00,5.300796E+04,6.043016E+04 
20:50:00,3.868685E+00,9.678298E+00,1.129298E+05,1.118890E+05,4.138728E+01,1.014425E+02,1.137876E+06,1.171322E+06,5.304390E+00,1.159055E+01,9.532652E+04,1.334073E+05,1.414254E+00,5.226444E+00,5.300796E+04,6.030571E+04 
20:55:00,3.868789E+00,9.664058E+00,1.129302E+05,1.115006E+05,4.138848E+01,1.012407E+02,1.137879E+06,1.166771E+06,5.306790E+00,1.155589E+01,9.531616E+04,1.327892E+05,1.414254E+00,5.225508E+00,5.300796E+04,6.018113E+04 
21:00:00,3.868892E+00,9.650257E+00,1.129306E+05,1.111172E+05,4.138966E+01,1.010444E+02,1.137883E+06,1.162281E+06,5.309107E+00,1.152138E+01,9.530615E+04,1.321727E+05,1.414254E+00,5.224563E+00,5.300796E+04,6.005645E+04 
21:05:00,3.868992E+00,9.636842E+00,1.129310E+05,1.107382E+05,4.139082E+01,1.008531E+02,1.137886E+06,1.157847E+06,5.311346E+00,1.148698E+01,9.529649E+04,1.315576E+05,1.414254E+00,5.223609E+00,5.300796E+04,5.993167E+04 
21:10:00,3.869091E+00,9.623761E+00,1.129313E+05,1.103629E+05,4.139197E+01,1.006662E+02,1.137889E+06,1.153463E+06,5.313511E+00,1.145267E+01,9.528714E+04,1.309434E+05,1.414254E+00,5.222648E+00,5.300796E+04,5.980681E+04 
21:15:00,3.869188E+00,9.610975E+00,1.129317E+05,1.099909E+05,4.139310E+01,1.004833E+02,1.137892E+06,1.149124E+06,5.315606E+00,1.141843E+01,9.527810E+04,1.303299E+05,1.414254E+00,5.221681E+00,5.300796E+04,5.968188E+04 
21:20:00,3.869284E+00,9.598449E+00,1.129320E+05,1.096219E+05,4.139423E+01,1.003041E+02,1.137895E+06,1.144827E+06,5.317635E+00,1.138423E+01,9.526934E+04,1.297171E+05,1.414254E+00,5.220708E+00,5.300796E+04,5.955688E+04 
21:25:00,3.869379E+00,9.586152E+00,1.129324E+05,1.092554E+05,4.139534E+01,1.001283E+02,1.137898E+06,1.140568E+06,5.319600E+00,1.135008E+01,9.526086E+04,1.291047E+05,1.414254E+00,5.219730E+00,5.300796E+04,5.943184E+04 
21:30:00,3.869472E+00,9.574057E+00,1.129327E+05,1.088912E+05,4.139645E+01,9.995558E+01,1.137901E+06,1.136343E+06,5.321506E+00,1.131596E+01,9.525263E+04,1.284927E+05,1.414254E+00,5.218749E+00,5.300796E+04,5.930674E+04 
21:35:00,3.869565E+00,9.562144E+00,1.129331E+05,1.085291E+05,4.139754E+01,9.978571E+01,1.137904E+06,1.132151E+06,5.323355E+00,1.128188E+01,9.524465E+04,1.278810E+05,1.414254E+00,5.217763E+00,5.300796E+04,5.918161E+04 
21:40:00,3.869656E+00,9.550392E+00,1.129334E+05,1.081687E+05,4.139863E+01,9.961850E+01,1.137907E+06,1.127988E+06,5.325150E+00,1.124782E+01,9.523690E+04,1.272697E+05,1.414254E+00,5.216775E+00,5.300796E+04,5.905644E+04 
21:45:00,3.869747E+00,9.538785E+00,1.129338E+05,1.078100E+05,4.139972E+01,9.945377E+01,1.137910E+06,1.123853E+06,5.326893E+00,1.121379E+01,9.522937E+04,1.266587E+05,1.414254E+00,5.215784E+00,5.300796E+04,5.893124E+04 
21:50:00,3.869836E+00,9.527310E+00,1.129341E+05,1.074528E+05,4.140079E+01,9.929135E+01,1.137913E+06,1.119745E+06,5.328588E+00,1.117980E+01,9.522206E+04,1.260481E+05,1.414254E+00,5.214791E+00,5.300796E+04,5.880602E+04 
21:55:00,3.869925E+00,9.515955E+00,1.129344E+05,1.070969E+05,4.140186E+01,9.913112E+01,1.137915E+06,1.115661E+06,5.330237E+00,1.114584E+01,9.521494E+04,1.254379E+05,1.414254E+00,5.213796E+00,5.300796E+04,5.868078E+04 
22:00:00,3.870014E+00,9.504710E+00,1.129347E+05,1.067423E+05,4.140293E+01,9.897295E+01,1.137918E+06,1.111600E+06,5.331841E+00,1.111192E+01,9.520802E+04,1.248281E+05,1.414254E+00,5.212799E+00,5.300796E+04,5.855552E+04 
22:05:00,3.870102E+00,9.309973E+00,1.129351E+05,1.043736E+05,4.140399E+01,9.697495E+01,1.137921E+06,1.087343E+06,5.333403E+00,1.089294E+01,9.520127E+04,1.221866E+05,1.414254E+00,5.122358E+00,5.300796E+04,5.744904E+04 
22:10:00,3.870189E+00,9.109601E+00,1.129354E+05,1.019417E+05,4.140504E+01,9.492108E+01,1.137924E+06,1.062460E+06,5.334924E+00,1.066790E+01,9.519471E+04,1.194771E+05,1.414254E+00,5.030481E+00,5.300796E+04,5.632645E+04 
22:15:00,3.870276E+00,8.906941E+00,1.129357E+05,9.948407E+04,4.140609E+01,9.284525E+01,1.137927E+06,1.037330E+06,5.336407E+00,1.043996E+01,9.518831E+04,1.167350E+05,1.414254E+00,4.938193E+00,5.300796E+04,5.519929E+04 
22:20:00,3.870362E+00,8.702438E+00,1.129360E+05,9.700578E+04,4.140714E+01,9.075182E+01,1.137930E+06,1.012002E+06,5.337852E+00,1.020917E+01,9.518207E+04,1.139610E+05,1.414254E+00,4.845551E+00,5.300796E+04,5.406817E+04 
22:25:00,3.870448E+00,8.496428E+00,1.129363E+05,9.451057E+04,4.140819E+01,8.864399E+01,1.137932E+06,9.865136E+05,5.339262E+00,9.975616E+00,9.517598E+04,1.111560E+05,1.414254E+00,4.752605E+00,5.300796E+04,5.293366E+04 
22:30:00,3.870533E+00,8.289154E+00,1.129367E+05,9.200116E+04,4.140923E+01,8.652400E+01,1.137935E+06,9.608879E+05,5.341981E+00,9.739447E+00,9.516424E+04,1.083215E+05,1.414254E+00,4.659392E+00,5.300796E+04,5.179617E+04 
22:35:00,3.870618E+00,8.264382E+00,1.129370E+05,9.154546E+04,4.141027E+01,8.623512E+01,1.137938E+06,9.558681E+05,5.346475E+00,9.685942E+00,9.514483E+04,1.075426E+05,1.414254E+00,4.655379E+00,5.300796E+04,5.166253E+04 
22:40:00,3.870703E+00,8.244392E+00,1.129373E+05,9.114342E+04,4.141130E+01,8.599454E+01,1.137941E+06,9.513904E+05,5.350872E+00,9.636268E+00,9.512585E+04,1.068067E+05,1.414254E+00,4.652578E+00,5.300796E+04,5.154250E+04 
22:45:00,3.870788E+00,8.225953E+00,1.129376E+05,9.075880E+04,4.141234E+01,8.576926E+01,1.137944E+06,9.470842E+05,5.355175E+00,9.587467E+00,9.510726E+04,1.060806E+05,1.414254E+00,4.649978E+00,5.300796E+04,5.142473E+04 
22:50:00,3.870872E+00,8.208706E+00,1.129379E+05,9.038755E+04,4.141337E+01,8.555567E+01,1.137946E+06,9.429093E+05,5.359388E+00,9.539629E+00,9.508907E+04,1.053651E+05,1.414254E+00,4.647537E+00,5.300796E+04,5.130871E+04 
22:55:00,3.870956E+00,8.192384E+00,1.129382E+05,9.002670E+04,4.141439E+01,8.535124E+01,1.137949E+06,9.388371E+05,5.363515E+00,9.492815E+00,9.507125E+04,1.046612E+05,1.414254E+00,4.645213E+00,5.300796E+04,5.119400E+04 
23:00:00,3.871039E+00,8.176789E+00,1.129385E+05,8.967399E+04,4.141542E+01,8.515441E+01,1.137952E+06,9.348502E+05,5.367557E+00,9.447013E+00,9.505379E+04,1.039686E+05,1.414254E+00,4.642979E+00,5.300796E+04,5.108029E+04 
23:05:00,3.871123E+00,8.161774E+00,1.129388E+05,8.932780E+04,4.141644E+01,8.496401E+01,1.137955E+06,9.309355E+05,5.371519E+00,9.402177E+00,9.503668E+04,1.032869E+05,1.414254E+00,4.640818E+00,5.300796E+04,5.096737E+04 
23:10:00,3.871206E+00,8.147221E+00,1.129391E+05,8.898677E+04,4.141747E+01,8.477928E+01,1.137957E+06,9.270842E+05,5.375403E+00,9.358243E+00,9.501991E+04,1.026153E+05,1.414254E+00,4.638716E+00,5.300796E+04,5.085512E+04 
23:15:00,3.871289E+00,8.133029E+00,1.129394E+05,8.864981E+04,4.141849E+01,8.459937E+01,1.137960E+06,9.232872E+05,5.379211E+00,9.315122E+00,9.500346E+04,1.019528E+05,1.414254E+00,4.636663E+00,5.300796E+04,5.074341E+04 
23:20:00,3.871371E+00,8.119132E+00,1.129398E+05,8.831614E+04,4.141951E+01,8.442347E+01,1.137963E+06,9.195350E+05,5.382946E+00,9.272748E+00,9.498734E+04,1.012987E+05,1.414254E+00,4.634653E+00,5.300796E+04,5.063217E+04 
23:25:00,3.871454E+00,8.105475E+00,1.129401E+05,8.798518E+04,4.142052E+01,8.425091E+01,1.137966E+06,9.158203E+05,5.386611E+00,9.231019E+00,9.497151E+04,1.006518E+05,1.414254E+00,4.632679E+00,5.300796E+04,5.052133E+04 
23:30:00,3.871535E+00,8.092015E+00,1.129404E+05,8.765641E+04,4.142152E+01,8.408106E+01,1.137968E+06,9.121361E+05,5.390161E+00,9.189854E+00,9.495618E+04,1.000112E+05,1.414254E+00,4.630736E+00,5.300796E+04,5.041084E+04 
23:35:00,3.871616E+00,8.078728E+00,1.129407E+05,8.732959E+04,4.142253E+01,8.391365E+01,1.137971E+06,9.084791E+05,5.393657E+00,9.149185E+00,9.494108E+04,9.937627E+04,1.414254E+00,4.628822E+00,5.300796E+04,5.030065E+04 
23:40:00,3.871697E+00,8.065592E+00,1.129410E+05,8.700445E+04,4.142352E+01,8.374829E+01,1.137974E+06,9.048452E+05,5.397059E+00,9.108944E+00,9.492639E+04,9.874611E+04,1.414254E+00,4.626933E+00,5.300796E+04,5.019074E+04 
23:45:00,3.871776E+00,8.052587E+00,1.129412E+05,8.668078E+04,4.142450E+01,8.358477E+01,1.137976E+06,9.012319E+05,5.400368E+00,9.069103E+00,9.491210E+04,9.812045E+04,1.414254E+00,4.625065E+00,5.300796E+04,5.008107E+04 
23:50:00,3.871855E+00,8.039690E+00,1.129415E+05,8.635832E+04,4.142547E+01,8.342298E+01,1.137979E+06,8.976380E+05,5.403601E+00,9.029599E+00,9.489814E+04,9.749857E+04,1.414254E+00,4.623218E+00,5.300796E+04,4.997163E+04 
23:55:00,3.871933E+00,8.026880E+00,1.129418E+05,8.603684E+04,4.142644E+01,8.326279E+01,1.137981E+06,8.940620E+05,5.406762E+00,8.990428E+00,9.488449E+04,9.688042E+04,1.414254E+00,4.621389E+00,5.300796E+04,4.986238E+04 
24:00:00,3.872012E+00,8.014158E+00,1.129421E+05,8.571633E+04,4.142742E+01,8.310405E+01,1.137984E+06,8.905023E+05,5.409902E+00,8.951574E+00,9.487093E+04,9.626585E+04,1.414254E+00,4.619577E+00,5.300796E+04,4.975332E+04 
Coinc Peak   ,3.872012E+00,1.202030E+01,1.015099E+05,1.615631E+05,4.142742E+01,1.263887E+02,1.003411E+06,1.697955E+06,5.547054E+00,1.403222E+01,9.427516E+04,1.836544E+05,1.414254E+00,5.239498E+00,5.300796E+04,6.326572E+04 
NonCoinc Peak,3.872012E+00,1.330615E+01,1.015099E+05,1.615631E+05,4.142742E+01,1.398510E+02,1.003411E+06,1.697955E+06,5.547860E+00,1.528098E+01,9.427516E+04,1.836544E+05,1.414254E+00,5.239498E+00,5.300796E+04,6.326572E+04 
